layer,head,cluster,role,p1_box_iou,p1_entropy,p1_mass_in_box,p1_pointing,p1_topk_prec,p3_cond_kld,p5_head_entropy,p5_sink16,p5_sink_stability,p6_occluded_mass,p6_reroute_kld,p8_mass_when_correct
0,0,0,unassigned,0.125641,4.981524,0.060140,0.005000,0.139712,nan,1.612909,0.443848,0.974121,0.086837,0.165321,0.000000
0,1,2,unassigned,0.040268,5.385159,0.033785,0.092500,0.047212,nan,2.035698,0.091187,0.979492,0.082258,0.066192,0.000000
0,2,0,grounding,0.135576,5.243515,0.063407,0.010000,0.150096,nan,2.275174,0.371826,0.990723,0.083524,0.128729,0.000000
0,3,0,grounding,0.117656,2.707538,0.107287,0.005000,0.131058,nan,1.650549,0.452881,0.989746,0.063595,0.716936,0.000000
0,4,0,unassigned,0.094999,5.355412,0.045888,0.132500,0.108750,nan,2.576452,0.265381,0.974121,0.076736,0.067801,0.000000
0,5,2,unassigned,0.052819,5.397548,0.039355,0.090000,0.060096,nan,1.963728,0.025223,0.958984,0.077645,0.071179,0.000000
0,6,1,unassigned,0.079456,5.455227,0.040837,0.130000,0.090192,nan,1.090555,0.060883,0.978516,0.097027,0.160270,0.000000
0,7,2,reroute,0.072594,3.186679,0.035969,0.015000,0.084712,nan,1.005023,0.117737,0.960938,0.129067,0.291316,0.000000
0,8,0,unassigned,0.129607,5.180430,0.055613,0.015000,0.144135,nan,1.884253,0.230225,0.990723,0.089564,0.076280,0.000000
0,9,1,sink,0.026094,5.363247,0.027799,0.017500,0.031346,nan,1.589066,0.579102,0.971191,0.107143,0.091309,0.000000
0,10,2,reroute,0.092392,1.935762,0.053999,0.012500,0.105481,nan,1.805116,0.074158,0.989258,0.053265,1.022756,0.000000
0,11,0,unassigned,0.113793,5.123109,0.057032,0.032500,0.127885,nan,1.589382,0.213501,0.980469,0.128568,0.159849,0.000000
0,12,1,unassigned,0.074527,5.243132,0.038376,0.015000,0.087115,nan,1.982948,0.320557,0.982910,0.108739,0.097191,0.000000
0,13,1,sink,0.098042,5.387721,0.038755,0.007500,0.111923,nan,1.980025,0.531738,0.983887,0.080980,0.041130,0.000000
0,14,2,unassigned,0.020015,4.447815,0.027920,0.005000,0.024519,nan,2.650807,0.260254,0.946777,0.062964,0.482021,0.000000
0,15,1,unassigned,0.019040,0.000000,0.000000,0.005000,0.020192,nan,0.000000,0.000000,1.000000,0.000000,0.000000,0.000000
0,16,1,unassigned,0.063722,4.868005,0.043732,0.007500,0.074135,nan,2.035987,0.093018,0.991699,0.076124,0.197424,0.000000
0,17,1,sink,0.083723,5.042695,0.059040,0.002500,0.094615,nan,1.963332,0.708496,0.973145,0.081005,0.155591,0.000000
0,18,1,unassigned,0.059535,5.046756,0.041921,0.000000,0.067212,nan,2.207294,0.025558,1.000000,0.093246,0.181007,0.000000
0,19,1,unassigned,0.061656,4.845300,0.051013,0.015000,0.071827,nan,2.551590,0.342773,0.987305,0.093459,0.251674,0.000000
0,20,0,sink,0.128846,4.587165,0.116652,0.025000,0.143077,nan,1.468732,0.662109,0.979492,0.091696,0.407911,0.000000
0,21,0,unassigned,0.129215,5.299304,0.060650,0.100000,0.143942,nan,2.076566,0.250732,0.996582,0.078028,0.064057,0.000000
0,22,0,unassigned,0.124108,5.437356,0.045007,0.032500,0.138462,nan,2.227754,0.415527,0.989746,0.085897,0.050734,0.000000
0,23,1,unassigned,0.077735,5.005181,0.054317,0.010000,0.090000,nan,1.406851,0.212036,0.986328,0.067110,0.140387,0.000000
0,24,1,unassigned,0.104126,4.979436,0.063300,0.022500,0.117885,nan,1.568327,0.238892,0.971680,0.062893,0.137148,0.000000
0,25,0,unassigned,0.113247,5.391808,0.049429,0.210000,0.126827,nan,2.100533,0.228271,0.983887,0.087170,0.050371,0.000000
0,26,0,unassigned,0.106268,4.993409,0.068622,0.047500,0.120385,nan,1.416221,0.231079,0.992188,0.073109,0.164172,0.000000
0,27,0,unassigned,0.128460,5.333164,0.059091,0.232500,0.142596,nan,1.965974,0.216309,0.971680,0.082488,0.067764,0.000000
1,28,1,unassigned,0.046797,5.504482,0.030366,0.017500,0.053173,nan,2.507893,0.002529,1.000000,0.081884,0.011198,0.000000
1,29,0,unassigned,0.113196,5.229174,0.076412,0.367500,0.128846,nan,2.581705,0.192871,0.976562,0.069968,0.063064,0.000000
1,30,1,sink,0.103608,4.859462,0.070119,0.022500,0.117788,nan,2.471970,0.800293,0.968750,0.080466,0.160213,0.000000
1,31,1,unassigned,0.065550,5.476343,0.034317,0.060000,0.075673,nan,2.451220,0.003107,1.000000,0.086535,0.052280,0.000000
1,32,2,unassigned,0.042733,5.499852,0.030080,0.010000,0.050769,nan,2.720368,0.020691,0.973633,0.082892,0.013774,0.000000
1,33,1,unassigned,0.034630,4.826142,0.035176,0.010000,0.041442,nan,2.426083,0.343506,0.982910,0.077173,0.128971,0.000000
1,34,0,sink,0.122045,4.617164,0.081992,0.007500,0.136731,nan,2.500657,0.673828,0.968750,0.060171,0.154719,0.000000
1,35,1,unassigned,0.085542,3.949589,0.053893,0.012500,0.097981,nan,2.314294,0.353760,0.969727,0.061436,0.187479,0.000000
1,36,1,unassigned,0.117137,5.271094,0.050455,0.017500,0.131154,nan,2.519983,0.245972,0.982910,0.083093,0.070252,0.000000
1,37,1,unassigned,0.108276,4.024331,0.064590,0.015000,0.121827,nan,2.050159,0.443848,0.978027,0.061802,0.338689,0.000000
1,38,1,unassigned,0.076449,3.879372,0.042119,0.015000,0.089038,nan,2.375707,0.266846,0.973633,0.071259,0.103869,0.000000
1,39,1,sink,0.105649,1.971404,0.061791,0.015000,0.119712,nan,1.968764,0.484619,0.975098,0.054024,0.221652,0.000000
1,40,2,unassigned,0.073486,2.645000,0.033287,0.015000,0.085096,nan,1.889464,0.099609,0.971191,0.051454,0.224935,0.000000
1,41,0,unassigned,0.148581,5.007843,0.057960,0.015000,0.163077,nan,2.344110,0.431885,0.972168,0.076990,0.070648,0.000000
1,42,0,sink,0.127306,4.990844,0.061318,0.017500,0.141923,nan,2.517502,0.701172,0.967285,0.070921,0.073192,0.000000
1,43,2,unassigned,0.020694,0.663637,0.021214,0.017500,0.022308,nan,1.584706,0.014641,0.962891,0.081911,0.127406,0.000000
1,44,0,unassigned,0.117970,4.970156,0.071997,0.060000,0.133269,nan,1.848847,0.057556,0.974121,0.071019,0.113038,0.000000
1,45,0,grounding,0.134841,5.149584,0.084297,0.202500,0.150096,nan,1.944560,0.010918,0.968262,0.082836,0.102332,0.000000
1,46,0,unassigned,0.128032,5.095783,0.062585,0.015000,0.142212,nan,2.513707,0.399414,0.966309,0.077303,0.062554,0.000000
1,47,2,unassigned,0.019392,0.006931,0.015000,0.015000,0.020673,nan,1.506189,0.004307,1.000000,0.075199,0.436433,0.000000
1,48,0,unassigned,0.119033,4.923579,0.085345,0.210000,0.133558,nan,2.090198,0.022217,0.965332,0.099654,0.206606,0.000000
1,49,2,unassigned,0.016712,3.890212,0.024344,0.017500,0.020481,nan,2.248147,0.471191,0.969238,0.047557,0.457761,0.000000
1,50,0,grounding,0.122263,4.797710,0.135704,0.547500,0.137500,nan,2.422939,0.312988,0.992676,0.094388,0.199985,0.000000
1,51,1,unassigned,0.067831,5.190033,0.041584,0.017500,0.079904,nan,2.014255,0.098816,0.971191,0.085301,0.087065,0.000000
1,52,1,reroute,0.014575,5.241891,0.022867,0.002500,0.017981,nan,2.091349,0.003330,1.000000,0.120341,0.214649,0.000000
1,53,0,grounding,0.149985,5.000052,0.080385,0.025000,0.163846,nan,2.169374,0.009735,0.975098,0.098440,0.168028,0.000000
1,54,2,reroute,0.046076,4.682362,0.044816,0.060000,0.054615,nan,2.440462,0.143066,0.970215,0.103359,0.501294,0.000000
1,55,0,grounding,0.175125,5.302249,0.071668,0.090000,0.187596,nan,2.152576,0.083130,0.968750,0.088489,0.073932,0.000000
2,56,1,unassigned,0.069200,2.906521,0.033838,0.015000,0.080962,nan,1.804068,0.502930,0.989258,0.086154,0.217023,0.000000
2,57,1,sink,0.120522,4.671289,0.075448,0.030000,0.134615,nan,1.876279,0.643066,0.979492,0.110490,0.163773,0.000000
2,58,1,sink,0.062830,4.391850,0.041821,0.015000,0.074327,nan,1.852994,0.659180,0.977051,0.079426,0.118961,0.000000
2,59,2,unassigned,0.066704,1.329112,0.023814,0.015000,0.078654,nan,1.630544,0.445068,0.976074,0.085435,0.289728,0.000000
2,60,0,sink,0.143090,4.299277,0.107164,0.025000,0.156923,nan,1.983106,0.736328,0.983887,0.081819,0.172774,0.000000
2,61,1,unassigned,0.087475,3.301086,0.045172,0.015000,0.101154,nan,1.733387,0.530762,0.974121,0.085275,0.166928,0.000000
2,62,1,unassigned,0.084682,2.457776,0.038080,0.015000,0.097692,nan,1.537107,0.427490,0.977051,0.064337,0.172468,0.000000
2,63,1,unassigned,0.104045,4.673722,0.057945,0.015000,0.118269,nan,2.150688,0.388184,0.974121,0.088504,0.151830,0.000000
2,64,1,unassigned,0.112604,4.888376,0.069686,0.025000,0.126923,nan,2.190713,0.354736,0.970703,0.082161,0.146362,0.000000
2,65,0,unassigned,0.122862,4.811715,0.091298,0.085000,0.137692,nan,2.419384,0.187134,0.974121,0.087886,0.260762,0.000000
2,66,2,reroute,0.081718,4.683942,0.058362,0.017500,0.094327,nan,2.201081,0.219849,0.983398,0.120493,0.270521,0.000000
2,67,0,unassigned,0.145295,4.771017,0.071963,0.012500,0.159615,nan,2.151500,0.306152,0.978027,0.092133,0.148432,0.000000
2,68,1,unassigned,0.118481,4.844531,0.062827,0.025000,0.132885,nan,2.200194,0.431152,0.977539,0.093510,0.192860,0.000000
2,69,1,sink,0.085127,3.808345,0.036967,0.012500,0.098269,nan,2.039178,0.742188,0.989258,0.056340,0.197041,0.000000
2,70,0,unassigned,0.124610,4.919250,0.085410,0.105000,0.139038,nan,2.268142,0.264648,0.973145,0.078359,0.079550,0.000000
2,71,0,grounding,0.158361,4.545471,0.116480,0.060000,0.172404,nan,2.379830,0.452148,0.981445,0.061233,0.169295,0.000000
2,72,2,grounding,0.130465,4.157836,0.125345,0.025000,0.145673,nan,2.217011,0.045929,0.957031,0.055678,0.156663,0.000000
2,73,0,grounding,0.108497,4.355912,0.195388,0.760000,0.124135,nan,2.478097,0.254150,0.980469,0.088534,0.290319,0.000000
2,74,1,unassigned,0.047157,4.736998,0.037637,0.015000,0.056058,nan,1.992737,0.508789,0.983887,0.069735,0.246283,0.000000
2,75,0,grounding,0.139952,4.805914,0.114245,0.345000,0.154712,nan,2.488243,0.257568,0.978516,0.084876,0.173824,0.000000
2,76,0,reroute,0.112868,4.648390,0.158327,0.782500,0.128365,nan,2.468504,0.378662,0.985352,0.132301,0.391396,0.000000
2,77,1,unassigned,0.121704,4.705046,0.062889,0.022500,0.136827,nan,2.323955,0.194580,0.975098,0.071490,0.065697,0.000000
2,78,1,sink,0.054522,4.985278,0.041423,0.032500,0.064327,nan,2.062243,0.709961,0.973145,0.076024,0.160462,0.000000
2,79,1,unassigned,0.096829,4.954040,0.061357,0.015000,0.110192,nan,2.298545,0.140503,0.984375,0.095587,0.152913,0.000000
2,80,2,unassigned,0.116821,4.725266,0.065150,0.012500,0.130577,nan,2.294843,0.258789,0.974609,0.092416,0.191948,0.000000
2,81,2,unassigned,0.064402,4.986574,0.042659,0.010000,0.075192,nan,2.255053,0.298096,0.972656,0.082483,0.123469,0.000000
2,82,1,sink,0.113074,4.125813,0.087136,0.012500,0.127115,nan,1.499696,0.688965,0.984863,0.071629,0.205402,0.000000
2,83,0,unassigned,0.138064,4.533937,0.060018,0.015000,0.152500,nan,2.194353,0.065308,0.970215,0.082485,0.099912,0.000000
3,84,1,unassigned,0.093317,4.092260,0.061888,0.017500,0.105962,nan,2.127268,0.205688,0.977539,0.052743,0.149939,0.000000
3,85,2,unassigned,0.096730,4.034662,0.057298,0.015000,0.109519,nan,1.969738,0.103943,0.967773,0.058724,0.276842,0.000000
3,86,1,unassigned,0.055189,4.538310,0.042539,0.015000,0.064615,nan,1.858116,0.248901,0.976074,0.049160,0.251564,0.000000
3,87,1,unassigned,0.060024,3.064044,0.036799,0.015000,0.070481,nan,1.704044,0.302979,0.975098,0.054761,0.286025,0.000000
3,88,0,grounding,0.147759,4.241207,0.093476,0.017500,0.161635,nan,2.054893,0.328125,0.973145,0.041631,0.170639,0.000000
3,89,1,unassigned,0.112933,3.936160,0.064879,0.015000,0.126827,nan,1.958764,0.297852,0.970703,0.056962,0.266765,0.000000
3,90,1,unassigned,0.105968,3.884510,0.076985,0.022500,0.120096,nan,1.934998,0.236328,0.966309,0.040816,0.239248,0.000000
3,91,1,unassigned,0.071450,5.060993,0.060466,0.105000,0.083462,nan,2.371332,0.095581,0.979004,0.074660,0.064358,0.000000
3,92,0,sink,0.150565,4.611233,0.097199,0.047500,0.164231,nan,2.096593,0.657227,0.973633,0.074890,0.108736,0.000000
3,93,0,grounding,0.145669,4.838325,0.081054,0.027500,0.159808,nan,2.018477,0.258545,0.972656,0.097764,0.104191,0.000000
3,94,2,reroute,0.072762,0.747255,0.020830,0.015000,0.085096,nan,1.533764,0.123352,0.971191,0.044035,0.619074,0.000000
3,95,1,unassigned,0.114244,4.244816,0.061789,0.015000,0.128173,nan,2.167244,0.344238,0.972656,0.090011,0.161180,0.000000
3,96,0,sink,0.115971,4.778223,0.091567,0.042500,0.130769,nan,2.385078,0.474609,0.973145,0.086111,0.142285,0.000000
3,97,1,unassigned,0.076691,4.902376,0.048244,0.015000,0.088173,nan,2.343785,0.320312,0.977539,0.092088,0.108317,0.000000
3,98,0,reroute,0.100653,4.903105,0.072478,0.125000,0.114615,nan,2.422199,0.347900,0.968750,0.111536,0.367733,0.000000
3,99,0,unassigned,0.111656,4.566406,0.079041,0.037500,0.126058,nan,2.109854,0.067505,0.968750,0.074157,0.239496,0.000000
3,100,1,sink,0.083942,4.556801,0.050147,0.002500,0.096442,nan,1.811797,0.540527,0.978027,0.056779,0.278226,0.000000
3,101,1,sink,0.131527,3.705563,0.070006,0.015000,0.145673,nan,2.033610,0.414307,0.988770,0.059320,0.233016,0.000000
3,102,0,unassigned,0.133860,3.909994,0.080730,0.017500,0.148654,nan,2.291589,0.314453,0.987305,0.085388,0.126860,0.000000
3,103,2,unassigned,0.041730,4.274791,0.038380,0.015000,0.049904,nan,2.251360,0.100647,0.971191,0.054004,0.153739,0.000000
3,104,0,unassigned,0.091272,4.841683,0.069783,0.107500,0.104327,nan,2.438748,0.060486,0.972656,0.090096,0.288370,0.000000
3,105,0,grounding,0.133348,4.843333,0.091129,0.030000,0.148269,nan,2.383461,0.107300,0.975098,0.077804,0.164762,0.000000
3,106,2,unassigned,0.064000,5.035983,0.050008,0.025000,0.075385,nan,2.309134,0.029785,0.967285,0.097333,0.137954,0.000000
3,107,0,grounding,0.146795,4.722916,0.088908,0.015000,0.160962,nan,2.422808,0.099182,0.968750,0.078670,0.120599,0.000000
3,108,1,unassigned,0.077310,5.095972,0.042674,0.015000,0.090000,nan,2.269602,0.154053,0.981934,0.103492,0.105425,0.000000
3,109,0,unassigned,0.120656,5.080347,0.069644,0.032500,0.134904,nan,2.263913,0.011581,0.970215,0.102315,0.151014,0.000000
3,110,0,unassigned,0.124796,5.200787,0.060472,0.030000,0.139135,nan,2.257413,0.099731,0.970703,0.092811,0.116427,0.000000
3,111,0,unassigned,0.106131,4.780884,0.083750,0.080000,0.120577,nan,2.054285,0.017242,0.971680,0.097729,0.181329,0.000000
4,112,0,unassigned,0.140289,4.891543,0.118242,0.507500,0.154712,nan,0.107495,0.932617,0.997559,0.107293,0.298879,0.000000
4,113,1,unassigned,0.087970,4.770592,0.080243,0.307500,0.100673,nan,0.340646,0.745605,0.992188,0.062468,0.331756,0.000000
4,114,0,unassigned,0.128534,4.916863,0.120718,0.662500,0.143365,nan,0.388047,0.467529,0.977539,0.097160,0.264611,0.000000
4,115,1,unassigned,0.128992,4.949663,0.078230,0.090000,0.143654,nan,0.450123,0.723633,0.975098,0.082686,0.214376,0.000000
4,116,2,unassigned,0.072716,4.722940,0.068785,0.177500,0.084135,nan,0.707628,0.604004,0.974609,0.073780,0.329862,0.000000
4,117,0,unassigned,0.128191,5.078368,0.094777,0.602500,0.142692,nan,0.161745,0.825195,0.993652,0.088571,0.132031,0.000000
4,118,2,unassigned,0.053478,4.608754,0.046755,0.010000,0.062981,nan,1.960902,0.260742,0.972168,0.059963,0.339514,0.000000
4,119,1,sink,0.047801,4.928964,0.044193,0.112500,0.056538,nan,0.017918,0.990234,0.991211,0.056816,0.281165,0.000000
4,120,0,grounding,0.113496,2.093987,0.451060,0.620000,0.127788,nan,0.412931,0.986816,0.988281,0.062154,0.626270,0.000000
4,121,0,grounding,0.098177,3.072627,0.334871,0.590000,0.112115,nan,0.915499,0.988770,0.989746,0.093288,0.605724,0.000000
4,122,1,sink,0.058603,3.546939,0.161870,0.292500,0.069327,nan,0.018736,0.998535,0.999023,0.046865,1.155751,0.000000
4,123,1,unassigned,0.066145,4.315359,0.126333,0.410000,0.077596,nan,0.891592,0.952637,0.969238,0.080564,0.369470,0.000000
4,124,2,unassigned,0.071629,4.090746,0.151286,0.410000,0.083654,nan,0.034822,0.371826,0.970703,0.064064,0.817311,0.000000
4,125,1,unassigned,0.025118,4.647152,0.025744,0.030000,0.030385,nan,0.050544,0.972168,0.977539,0.068046,0.414373,0.000000
4,126,1,unassigned,0.060282,4.697445,0.056724,0.110000,0.071346,nan,0.038598,0.900391,0.983398,0.074179,0.213363,0.000000
4,127,0,unassigned,0.123982,4.973652,0.121843,0.745000,0.139519,nan,0.427703,0.517090,0.976074,0.096910,0.181601,0.000000
4,128,2,unassigned,0.070834,4.797228,0.062034,0.165000,0.082404,nan,1.548546,0.391113,0.974121,0.051229,0.219919,0.000000
4,129,0,grounding,0.185871,4.880978,0.147355,0.432500,0.197596,nan,1.238042,0.572754,0.967285,0.083861,0.157303,0.000000
4,130,1,unassigned,0.063429,5.042848,0.051025,0.100000,0.074615,nan,0.005382,0.886230,0.972168,0.072318,0.140412,0.000000
4,131,1,unassigned,0.045326,4.876709,0.045037,0.082500,0.053558,nan,0.047906,0.797852,0.967285,0.084553,0.180612,0.000000
4,132,2,unassigned,0.065209,4.568851,0.060407,0.020000,0.076731,nan,0.167535,0.069641,0.970703,0.072340,0.360800,0.000000
4,133,0,unassigned,0.128649,4.846724,0.116129,0.547500,0.142885,nan,0.300215,0.629395,0.990723,0.106303,0.282095,0.000000
4,134,0,unassigned,0.114835,4.952714,0.081486,0.282500,0.128942,nan,0.066302,0.704590,0.969727,0.087202,0.311494,0.000000
4,135,0,reroute,0.081728,3.619827,0.161968,0.505000,0.095288,nan,0.010789,0.896484,0.980469,0.069864,2.225410,0.000000
4,136,1,unassigned,0.109966,4.829423,0.085519,0.282500,0.123558,nan,0.309341,0.900879,0.983398,0.084859,0.269545,0.000000
4,137,2,unassigned,0.048837,4.930198,0.050724,0.180000,0.057981,nan,0.132884,0.193726,0.972656,0.087636,0.447365,0.000000
4,138,1,unassigned,0.094623,4.883032,0.072804,0.147500,0.107692,nan,0.181187,0.918457,0.988281,0.072075,0.115705,0.000000
4,139,1,unassigned,0.046349,5.106367,0.040906,0.140000,0.055288,nan,0.010809,0.962891,0.978027,0.093918,0.280224,0.000000
5,140,1,unassigned,0.138379,4.905298,0.100154,0.242500,0.152788,nan,1.400173,0.854980,0.979004,0.140670,0.357183,0.000000
5,141,0,unassigned,0.161121,4.742991,0.170693,0.827500,0.175192,nan,0.204114,0.685547,0.979492,0.138161,0.287664,0.000000
5,142,0,reroute,0.176891,4.966123,0.130978,0.395000,0.189615,nan,0.218003,0.762207,0.985352,0.197033,0.436214,0.000000
5,143,0,unassigned,0.157376,4.584161,0.147209,0.272500,0.171635,nan,0.037976,0.836914,0.986328,0.094522,0.242398,0.000000
5,144,0,unassigned,0.150094,4.921502,0.109565,0.435000,0.163654,nan,0.484946,0.615723,0.985840,0.098707,0.212198,0.000000
5,145,1,sink,0.105412,4.901535,0.078983,0.095000,0.119615,nan,0.451455,0.951172,0.968750,0.102472,0.320610,0.000000
5,146,1,unassigned,0.167978,5.110183,0.105260,0.245000,0.181442,nan,0.577302,0.863281,0.972656,0.086267,0.130344,0.000000
5,147,2,unassigned,0.125065,4.671441,0.099956,0.245000,0.139327,nan,0.321315,0.294678,0.967285,0.114930,0.242724,0.000000
5,148,2,unassigned,0.142928,4.685807,0.120319,0.377500,0.156731,nan,1.574190,0.228149,0.979004,0.115232,0.279900,0.000000
5,149,2,unassigned,0.049453,4.214924,0.045436,0.007500,0.058750,nan,0.319560,0.807617,0.963379,0.108650,0.312265,0.000000
5,150,0,unassigned,0.169660,4.641415,0.149558,0.402500,0.182500,nan,0.337753,0.659180,0.976562,0.098111,0.158718,0.000000
5,151,1,unassigned,0.107153,4.902032,0.075336,0.165000,0.120577,nan,0.252113,0.884766,0.972168,0.116235,0.336533,0.000000
5,152,0,grounding,0.164763,4.516683,0.190176,0.642500,0.178173,nan,0.207805,0.900391,0.983887,0.097414,0.160722,0.000000
5,153,2,unassigned,0.050074,5.088848,0.038717,0.012500,0.059135,nan,1.004553,0.480225,0.973633,0.082857,0.138962,0.000000
5,154,1,unassigned,0.143504,4.772272,0.111699,0.175000,0.157404,nan,0.364157,0.820801,0.996094,0.108315,0.229079,0.000000
5,155,1,unassigned,0.058899,4.614998,0.072590,0.242500,0.069904,nan,0.461199,0.837891,0.984863,0.060412,0.130714,0.000000
5,156,2,unassigned,0.041454,4.715751,0.045975,0.082500,0.050192,nan,0.667744,0.394287,0.968750,0.055020,0.162701,0.000000
5,157,0,unassigned,0.143158,4.905348,0.128233,0.630000,0.157404,nan,0.948578,0.588379,0.978516,0.121772,0.277636,0.000000
5,158,1,unassigned,0.057203,4.222406,0.068998,0.102500,0.067788,nan,1.098834,0.934082,0.998047,0.108890,0.559208,0.000000
5,159,2,sink,0.090636,4.315319,0.103662,0.250000,0.104423,nan,1.166311,0.938477,0.970215,0.115999,0.372640,0.000000
5,160,0,reroute,0.091525,4.121682,0.178752,0.482500,0.105769,nan,1.284559,0.875977,0.985840,0.130615,0.568315,0.000000
5,161,1,sink,0.071163,4.765433,0.068583,0.177500,0.083269,nan,0.453827,0.972656,0.977051,0.067217,0.285362,0.000000
5,162,2,unassigned,0.102043,4.757784,0.080666,0.167500,0.115192,nan,0.300206,0.128174,0.973633,0.109121,0.281707,0.000000
5,163,0,reroute,0.181962,4.494834,0.198259,0.532500,0.194135,nan,0.108081,0.236816,0.968262,0.152709,0.540631,0.000000
5,164,1,unassigned,0.103550,4.809574,0.079085,0.117500,0.117019,nan,0.710549,0.617676,0.987793,0.130308,0.378614,0.000000
5,165,0,grounding,0.158949,4.261401,0.213220,0.690000,0.172500,nan,0.039841,0.342041,0.976074,0.079890,0.359965,0.000000
5,166,0,grounding,0.159214,4.427117,0.215682,0.830000,0.173077,nan,0.907186,0.936523,0.988281,0.110010,0.395472,0.000000
5,167,2,reroute,0.037854,4.563384,0.047027,0.110000,0.045192,nan,1.061200,0.032776,0.961914,0.161879,0.529845,0.000000
6,168,1,unassigned,0.055785,5.036920,0.045786,0.090000,0.065962,nan,0.040676,0.686523,0.987305,0.091274,0.105408,0.000000
6,169,1,unassigned,0.073471,4.072103,0.074844,0.107500,0.085096,nan,0.010458,0.699707,0.965820,0.063794,0.373728,0.000000
6,170,2,unassigned,0.024070,0.334419,0.085316,0.060000,0.026538,nan,0.021035,0.660156,0.973633,0.073386,0.521013,0.000000
6,171,1,unassigned,0.066825,4.449261,0.061389,0.067500,0.078173,nan,0.005285,0.832031,0.989746,0.049238,0.300215,0.000000
6,172,1,sink,0.096013,4.360441,0.083903,0.092500,0.109808,nan,0.027632,0.950684,0.969238,0.085458,0.154847,0.000000
6,173,1,sink,0.051624,5.093164,0.039218,0.042500,0.061346,nan,0.079530,0.933594,0.998047,0.078726,0.090177,0.000000
6,174,2,unassigned,0.019040,0.000000,0.000000,0.005000,0.020192,nan,0.020378,0.770020,0.979492,0.044911,0.685747,0.000000
6,175,0,reroute,0.083654,4.695818,0.086097,0.290000,0.095865,nan,0.477469,0.671875,0.970215,0.157242,0.416963,0.000000
6,176,0,grounding,0.174076,4.391658,0.196791,0.447500,0.186731,nan,0.227880,0.845703,0.986816,0.100943,0.237755,0.000000
6,177,2,reroute,0.087584,4.235746,0.104051,0.102500,0.101154,nan,1.772528,0.213867,0.974609,0.165523,0.502751,0.000000
6,178,2,unassigned,0.093103,4.826398,0.071132,0.055000,0.106635,nan,1.136309,0.282715,0.984375,0.074611,0.134655,0.000000
6,179,0,grounding,0.172742,4.654514,0.196405,0.735000,0.185865,nan,0.495344,0.803711,0.962402,0.104908,0.213803,0.000000
6,180,0,grounding,0.141508,4.752035,0.136624,0.555000,0.155865,nan,0.459281,0.827148,0.992676,0.079602,0.116622,0.000000
6,181,0,reroute,0.123382,4.767920,0.108341,0.415000,0.137019,nan,0.908801,0.475342,0.969238,0.154222,0.319307,0.000000
6,182,1,unassigned,0.107806,4.657032,0.080360,0.130000,0.122212,nan,0.198345,0.725098,0.975098,0.070057,0.076063,0.000000
6,183,0,unassigned,0.126235,5.270450,0.066951,0.367500,0.140962,nan,0.112806,0.369873,0.979492,0.070739,0.042503,0.000000
6,184,0,unassigned,0.105267,4.640077,0.150297,0.690000,0.120673,nan,0.067917,0.294434,0.965332,0.074417,0.094221,0.000000
6,185,2,unassigned,0.104930,4.969773,0.064943,0.017500,0.118846,nan,1.730841,0.550781,0.969727,0.082287,0.098191,0.000000
6,186,0,sink,0.142719,4.578668,0.117194,0.245000,0.157308,nan,0.448062,0.888184,0.974121,0.094761,0.089006,0.000000
6,187,1,unassigned,0.133829,5.393921,0.052843,0.152500,0.148365,nan,0.159478,0.508301,0.979980,0.076428,0.031019,0.000000
6,188,0,unassigned,0.124231,5.323015,0.058621,0.220000,0.137981,nan,0.132771,0.167358,0.972656,0.079294,0.037159,0.000000
6,189,1,sink,0.078896,3.809576,0.054111,0.032500,0.091538,nan,0.012454,0.969238,0.976074,0.079827,0.155342,0.000000
6,190,1,unassigned,0.067659,4.353792,0.055464,0.040000,0.078846,nan,0.109662,0.402588,0.973145,0.027242,0.064976,0.000000
6,191,1,unassigned,0.082490,4.700212,0.051922,0.017500,0.094519,nan,0.620606,0.801758,0.964844,0.060499,0.146629,0.000000
6,192,2,unassigned,0.034087,4.261867,0.024292,0.000000,0.041154,nan,0.637546,0.353271,0.972168,0.034177,0.120787,0.000000
6,193,0,unassigned,0.119439,4.884784,0.094104,0.300000,0.134327,nan,0.090024,0.612793,0.982910,0.063071,0.103189,0.000000
6,194,1,unassigned,0.069683,3.826725,0.044756,0.030000,0.081442,nan,0.040136,0.495850,0.984863,0.075780,0.094784,0.000000
6,195,1,unassigned,0.016424,4.419921,0.029816,0.035000,0.020000,nan,0.036419,0.770508,0.978516,0.046547,0.125886,0.000000
7,196,2,unassigned,0.046967,4.545705,0.041694,0.010000,0.055192,nan,0.938788,0.145752,0.969238,0.058692,0.207383,0.000000
7,197,1,unassigned,0.073680,4.908103,0.060236,0.147500,0.085385,nan,0.701519,0.412354,0.984375,0.106868,0.224246,0.000000
7,198,1,unassigned,0.053479,4.972896,0.049306,0.082500,0.063750,nan,0.484199,0.239868,0.971191,0.068191,0.139876,0.000000
7,199,1,unassigned,0.089651,4.060011,0.070300,0.050000,0.102500,nan,0.809250,0.489990,0.979492,0.022633,0.082411,0.000000
7,200,1,sink,0.015860,4.231808,0.025221,0.032500,0.019615,nan,0.020106,0.782715,0.975586,0.091143,0.204363,0.000000
7,201,1,unassigned,0.022216,4.403797,0.029174,0.010000,0.027212,nan,0.116576,0.315430,0.980469,0.055029,0.144957,0.000000
7,202,2,unassigned,0.037848,4.124511,0.063379,0.147500,0.046250,nan,1.785001,0.606445,0.977051,0.101369,0.356309,0.000000
7,203,2,reroute,0.023411,4.153273,0.024734,0.015000,0.028654,nan,0.563262,0.192993,0.974609,0.128683,0.349801,0.000000
7,204,1,sink,0.067173,4.599780,0.059960,0.070000,0.078462,nan,0.263680,0.759277,0.988281,0.050811,0.144103,0.000000
7,205,2,unassigned,0.014020,4.180511,0.022293,0.015000,0.017115,nan,0.993877,0.194214,0.973145,0.077002,0.360237,0.000000
7,206,2,unassigned,0.028953,4.044217,0.020881,0.000000,0.035192,nan,2.002855,0.147461,0.970703,0.011050,0.183385,0.000000
7,207,1,unassigned,0.005976,4.597279,0.015593,0.005000,0.007500,nan,0.294851,0.612305,0.982422,0.063954,0.230866,0.000000
7,208,1,unassigned,0.027557,4.838472,0.039361,0.122500,0.033269,nan,0.158615,0.695801,0.963379,0.080538,0.276560,0.000000
7,209,2,unassigned,0.045319,4.777427,0.049316,0.130000,0.053750,nan,0.367322,0.241821,0.969727,0.112761,0.316266,0.000000
7,210,0,unassigned,0.085300,4.576894,0.083911,0.082500,0.098654,nan,1.022275,0.447266,0.975098,0.082698,0.268417,0.000000
7,211,1,sink,0.033163,4.673242,0.033636,0.002500,0.039231,nan,0.733087,0.785156,0.978027,0.042425,0.253898,0.000000
7,212,2,unassigned,0.059845,4.533793,0.060083,0.082500,0.070288,nan,1.111856,0.255615,0.979004,0.107411,0.209449,0.000000
7,213,0,unassigned,0.117526,4.956311,0.087676,0.290000,0.132212,nan,0.732748,0.615723,0.985352,0.081747,0.107113,0.000000
7,214,0,grounding,0.162687,4.350470,0.201085,0.557500,0.176250,nan,0.364320,0.729980,0.979980,0.156590,0.336526,0.000000
7,215,1,sink,0.062457,5.059883,0.042329,0.015000,0.072692,nan,0.816805,0.718750,0.974609,0.068374,0.055378,0.000000
7,216,1,unassigned,0.070418,4.557773,0.046174,0.012500,0.082500,nan,0.138041,0.322510,0.976074,0.091436,0.110133,0.000000
7,217,0,grounding,0.159862,4.556299,0.171788,0.485000,0.173365,nan,0.372297,0.633789,0.985840,0.116634,0.172190,0.000000
7,218,2,unassigned,0.005892,4.151639,0.012021,0.012500,0.007404,nan,2.344965,0.103516,0.957031,0.037400,0.486693,0.000000
7,219,1,sink,0.014011,4.676248,0.023287,0.000000,0.017212,nan,0.385855,0.770020,0.979004,0.035355,0.276112,0.000000
7,220,1,unassigned,0.067309,4.714815,0.045261,0.017500,0.078173,nan,0.420882,0.623047,0.990723,0.092541,0.157671,0.000000
7,221,0,grounding,0.169796,4.573910,0.213899,0.692500,0.183173,nan,0.385912,0.726562,0.976562,0.072568,0.233869,0.000000
7,222,0,reroute,0.118570,4.782634,0.094839,0.185000,0.132212,nan,0.690784,0.603516,0.974121,0.181232,0.509237,0.000000
7,223,1,unassigned,0.087571,5.010374,0.043774,0.015000,0.100673,nan,0.565278,0.462402,0.979492,0.087468,0.082599,0.000000
8,224,0,grounding,0.176208,4.539712,0.203405,0.692500,0.188750,nan,0.832296,0.294678,0.970703,0.170306,0.496047,0.000000
8,225,1,sink,0.111849,4.367873,0.093267,0.025000,0.126346,nan,0.079601,0.931152,0.998047,0.071473,0.166054,0.000000
8,226,1,unassigned,0.057749,4.971799,0.042418,0.015000,0.067596,nan,0.838168,0.633301,0.987305,0.179158,0.338432,0.000000
8,227,1,unassigned,0.049418,4.742156,0.043123,0.002500,0.058654,nan,0.816305,0.530273,0.976074,0.140743,0.299356,0.000000
8,228,2,unassigned,0.037831,4.738564,0.037476,0.015000,0.045096,nan,1.243784,0.704102,0.968750,0.110505,0.191125,0.000000
8,229,0,grounding,0.170331,4.273646,0.262295,0.782500,0.183365,nan,0.670202,0.242310,0.972656,0.166056,0.434055,0.000000
8,230,1,unassigned,0.048403,4.615863,0.042580,0.007500,0.057500,nan,0.192714,0.384521,0.975586,0.140527,0.344865,0.000000
8,231,1,unassigned,0.078037,4.452633,0.058296,0.002500,0.089904,nan,0.468066,0.774414,0.976562,0.095627,0.426938,0.000000
8,232,0,grounding,0.150151,4.526221,0.159333,0.462500,0.164423,nan,0.438084,0.806152,0.960449,0.080186,0.331037,0.000000
8,233,2,reroute,0.024032,4.783966,0.027843,0.000000,0.029038,nan,0.860160,0.357666,0.969238,0.180273,0.629200,0.000000
8,234,1,reroute,0.054029,4.743849,0.053721,0.122500,0.063077,nan,0.284695,0.759277,0.988770,0.186258,0.491492,0.000000
8,235,0,unassigned,0.087141,4.993418,0.069222,0.237500,0.100288,nan,0.711863,0.263672,0.971191,0.119189,0.290797,0.000000
8,236,1,unassigned,0.079485,4.606962,0.064020,0.025000,0.092115,nan,0.618295,0.497314,0.985352,0.114487,0.339989,0.000000
8,237,2,reroute,0.005808,4.395019,0.011388,0.005000,0.007404,nan,1.045533,0.506836,0.983398,0.149509,0.636161,0.000000
8,238,1,sink,0.021847,4.905834,0.028569,0.030000,0.026635,nan,0.008768,0.954590,0.970703,0.121045,0.411092,0.000000
8,239,0,unassigned,0.107932,4.846275,0.076779,0.200000,0.122308,nan,0.121552,0.557617,0.977051,0.075301,0.211366,0.000000
8,240,1,sink,0.077928,4.935598,0.069607,0.360000,0.090673,nan,0.027404,0.979492,0.983887,0.086996,0.304812,0.000000
8,241,2,unassigned,0.060248,4.523425,0.042176,0.005000,0.070385,nan,1.270382,0.301758,0.973145,0.084536,0.255687,0.000000
8,242,1,unassigned,0.081286,4.964086,0.052334,0.052500,0.093077,nan,0.171371,0.362793,0.973633,0.072473,0.192494,0.000000
8,243,1,sink,0.017874,5.087068,0.024367,0.035000,0.021923,nan,0.032500,0.972656,0.977539,0.089017,0.229435,0.000000
8,244,1,unassigned,0.074799,5.052235,0.050775,0.050000,0.085769,nan,0.059980,0.548828,0.967773,0.096737,0.168661,0.000000
8,245,1,unassigned,0.006381,4.701181,0.015282,0.007500,0.007981,nan,0.144303,0.783691,0.977051,0.134532,0.596615,0.000000
8,246,2,reroute,0.048034,4.385869,0.052918,0.087500,0.057500,nan,1.756162,0.799805,0.965820,0.138442,0.886790,0.000000
8,247,1,sink,0.023946,4.712907,0.024551,0.037500,0.028846,nan,0.013167,0.997559,0.998047,0.078850,0.600826,0.000000
8,248,1,sink,0.007156,4.805166,0.016879,0.005000,0.008942,nan,0.720239,0.969238,0.978027,0.150136,0.652422,0.000000
8,249,1,unassigned,0.033612,4.851739,0.031730,0.017500,0.039712,nan,0.381765,0.785645,0.975586,0.126459,0.445228,0.000000
8,250,2,unassigned,0.038884,4.703713,0.030851,0.017500,0.046635,nan,0.833163,0.557617,0.973145,0.132049,0.494829,0.000000
8,251,1,sink,0.049332,4.768613,0.049393,0.207500,0.059038,nan,0.554579,0.920410,0.989746,0.111968,0.641417,0.000000
9,252,1,unassigned,0.018960,4.386283,0.026333,0.002500,0.022885,nan,0.658298,0.333984,0.970703,0.231083,0.871684,0.000000
9,253,2,unassigned,0.008733,3.125097,0.010484,0.005000,0.010962,nan,1.940294,0.095703,0.970703,0.069757,0.481230,0.000000
9,254,2,reroute,0.010114,4.699923,0.018774,0.030000,0.012692,nan,1.907761,0.226685,0.962891,0.272185,1.387592,0.000000
9,255,2,unassigned,0.008174,3.626802,0.009927,0.000000,0.010192,nan,1.803052,0.221436,0.977539,0.063425,0.266543,0.000000
9,256,2,unassigned,0.011183,3.131569,0.010525,0.000000,0.013846,nan,1.682614,0.337402,0.961914,0.063473,0.416534,0.000000
9,257,2,unassigned,0.005335,3.797139,0.013701,0.015000,0.006731,nan,0.509127,0.077759,0.966309,0.097357,0.467636,0.000000
9,258,0,grounding,0.147374,4.382592,0.182315,0.567500,0.161346,nan,0.509709,0.557129,0.977539,0.183939,0.603379,0.000000
9,259,0,unassigned,0.083142,4.442453,0.094978,0.257500,0.096731,nan,1.150753,0.301270,0.968750,0.210350,0.766461,0.000000
9,260,1,sink,0.018432,4.284148,0.024742,0.015000,0.022500,nan,1.078067,0.757324,0.988281,0.137643,0.599040,0.000000
9,261,1,unassigned,0.067082,4.508978,0.049153,0.002500,0.078365,nan,1.365923,0.440674,0.983887,0.118303,0.318173,0.000000
9,262,1,unassigned,0.059736,4.057418,0.042149,0.017500,0.070096,nan,1.153503,0.525391,0.971680,0.128653,0.445078,0.000000
9,263,0,sink,0.138984,4.889837,0.115220,0.517500,0.153077,nan,0.133552,0.720215,0.974609,0.188264,0.512025,0.000000
9,264,0,unassigned,0.099646,4.535868,0.091026,0.147500,0.113365,nan,0.999077,0.179077,0.967285,0.165598,0.542869,0.000000
9,265,1,unassigned,0.007235,4.425780,0.015091,0.012500,0.008942,nan,0.604011,0.181519,0.965820,0.108992,0.337751,0.000000
9,266,0,sink,0.127431,4.583734,0.123822,0.355000,0.141731,nan,0.240981,0.765625,0.983887,0.100606,0.257384,0.000000
9,267,1,unassigned,0.049231,4.612809,0.051038,0.052500,0.057981,nan,2.442878,0.156860,0.986328,0.163919,0.377617,0.000000
9,268,1,unassigned,0.023995,4.798350,0.028517,0.012500,0.029038,nan,0.570543,0.095764,0.967773,0.115096,0.328854,0.000000
9,269,0,grounding,0.166498,4.534611,0.195359,0.660000,0.180000,nan,0.301245,0.792969,0.970215,0.267402,0.901687,0.000000
9,270,1,unassigned,0.015348,4.336905,0.023429,0.002500,0.019038,nan,1.629957,0.385986,0.977539,0.227102,0.641913,0.000000
9,271,1,unassigned,0.034700,4.813470,0.027590,0.007500,0.041538,nan,2.283907,0.352783,0.970703,0.090247,0.121949,0.000000
9,272,2,unassigned,0.011913,4.178525,0.019812,0.000000,0.014519,nan,2.255698,0.077332,0.980469,0.166438,0.511407,0.000000
9,273,2,reroute,0.027610,4.247106,0.029175,0.000000,0.033462,nan,1.198229,0.270752,0.967773,0.258640,1.293483,0.000000
9,274,2,unassigned,0.012242,2.350830,0.007203,0.000000,0.015000,nan,1.720788,0.129272,0.926758,0.099881,0.786329,0.000000
9,275,1,unassigned,0.032782,4.204679,0.034224,0.007500,0.039519,nan,1.123671,0.268311,0.969727,0.187267,0.842701,0.000000
9,276,1,unassigned,0.033210,4.071032,0.035985,0.017500,0.039712,nan,1.584496,0.361816,0.968750,0.082488,0.510671,0.000000
9,277,2,reroute,0.012810,3.862258,0.018002,0.002500,0.015673,nan,1.062208,0.255127,0.967773,0.277516,1.701262,0.000000
9,278,0,sink,0.152913,4.307809,0.216851,0.657500,0.166827,nan,0.119627,0.901855,0.984375,0.146432,0.461595,0.000000
9,279,1,unassigned,0.004238,3.240258,0.010582,0.015000,0.005385,nan,0.655365,0.414795,0.979004,0.130574,0.527184,0.000000
10,280,1,sink,0.068366,4.547591,0.064161,0.020000,0.080192,nan,0.120666,0.873535,0.991699,0.129200,0.325004,0.000000
10,281,2,unassigned,0.010376,4.274162,0.017572,0.010000,0.012692,nan,0.223475,0.053864,0.895020,0.089779,0.088897,0.000000
10,282,2,reroute,0.021696,4.577280,0.030173,0.035000,0.026635,nan,1.448753,0.388672,0.970215,0.192608,0.689805,0.000000
10,283,1,sink,0.103269,4.280257,0.056797,0.002500,0.117115,nan,0.114008,0.911133,0.982422,0.085298,0.121456,0.000000
10,284,0,grounding,0.166516,4.631163,0.161634,0.322500,0.179519,nan,0.005996,0.980957,0.984375,0.057133,0.124149,0.000000
10,285,0,unassigned,0.110327,4.964096,0.081401,0.172500,0.124038,nan,0.091589,0.549316,0.964355,0.087832,0.121267,0.000000
10,286,0,grounding,0.147714,4.730160,0.125835,0.300000,0.161731,nan,1.456310,0.243042,0.958008,0.102256,0.234095,0.000000
10,287,1,unassigned,0.052959,4.794953,0.047109,0.035000,0.062596,nan,0.357019,0.606445,0.975586,0.160484,0.726343,0.000000
10,288,1,sink,0.028807,4.667467,0.040781,0.077500,0.034712,nan,0.109599,0.879883,0.969238,0.177078,0.581117,0.000000
10,289,0,reroute,0.098099,4.548645,0.081051,0.137500,0.111538,nan,0.138511,0.887695,0.973145,0.171235,0.856429,0.000000
10,290,2,unassigned,0.009696,3.703085,0.017926,0.000000,0.012115,nan,0.410206,0.187012,0.974121,0.069133,0.202571,0.000000
10,291,1,unassigned,0.046128,4.837476,0.034658,0.002500,0.055288,nan,0.210618,0.677246,0.968750,0.110635,0.198149,0.000000
10,292,1,unassigned,0.043059,3.797926,0.041629,0.012500,0.051346,nan,0.143375,0.656738,0.973145,0.062500,0.215284,0.000000
10,293,0,unassigned,0.106000,4.813174,0.091099,0.322500,0.120192,nan,0.121112,0.506836,0.982422,0.130771,0.528550,0.000000
10,294,2,unassigned,0.030122,4.316397,0.030844,0.015000,0.036827,nan,0.635774,0.594238,0.973145,0.096046,0.272357,0.000000
10,295,0,grounding,0.163075,4.471625,0.197713,0.667500,0.176635,nan,0.099372,0.666992,0.972656,0.133661,0.432062,0.000000
10,296,0,reroute,0.132694,4.344043,0.162854,0.477500,0.147212,nan,0.092456,0.745605,0.988281,0.253902,0.839221,0.000000
10,297,2,unassigned,0.039608,4.398555,0.037585,0.027500,0.047212,nan,0.407725,0.466553,0.977051,0.203893,0.576662,0.000000
10,298,1,reroute,0.014287,4.627153,0.021758,0.015000,0.017404,nan,0.125911,0.870117,0.972656,0.241456,0.627876,0.000000
10,299,1,reroute,0.046808,4.492932,0.043644,0.015000,0.055769,nan,0.256599,0.796875,0.967773,0.229905,0.691825,0.000000
10,300,1,reroute,0.007986,4.282812,0.016050,0.002500,0.009808,nan,0.252143,0.932617,0.998047,0.250528,0.726020,0.000000
10,301,1,unassigned,0.089835,4.891390,0.064794,0.055000,0.103173,nan,0.119472,0.748047,0.992676,0.104794,0.220857,0.000000
10,302,1,unassigned,0.042832,4.870152,0.042752,0.052500,0.050673,nan,0.032046,0.604980,0.977539,0.112608,0.521268,0.000000
10,303,1,unassigned,0.029812,4.797642,0.030819,0.000000,0.035577,nan,0.100837,0.577148,0.969238,0.072565,0.298583,0.000000
10,304,2,unassigned,0.032994,4.419359,0.027591,0.012500,0.039904,nan,0.939131,0.087219,0.966797,0.102069,0.302394,0.000000
10,305,1,unassigned,0.037779,4.909157,0.036824,0.025000,0.045673,nan,0.090747,0.523926,0.971191,0.094367,0.477350,0.000000
10,306,1,unassigned,0.024318,4.428897,0.026185,0.000000,0.029615,nan,0.149056,0.501465,0.988770,0.058110,0.204375,0.000000
10,307,1,unassigned,0.005485,4.433360,0.015517,0.007500,0.007019,nan,0.020127,0.673828,0.969238,0.098884,0.410368,0.000000
11,308,1,sink,0.069724,4.827885,0.061199,0.172500,0.082019,nan,0.553047,0.792480,0.970703,0.134226,0.592206,0.000000
11,309,2,unassigned,0.019040,0.000000,0.000000,0.005000,0.020192,nan,0.052023,0.209595,0.967773,0.063623,1.246232,0.000000
11,310,1,unassigned,0.016954,4.968902,0.026062,0.000000,0.020673,nan,1.198091,0.497803,0.987305,0.098893,0.252278,0.000000
11,311,1,sink,0.085844,4.973761,0.056871,0.037500,0.098942,nan,0.043052,0.792969,0.970703,0.071821,0.216336,0.000000
11,312,1,unassigned,0.032992,4.901715,0.036109,0.037500,0.039327,nan,0.584717,0.384521,0.978027,0.079786,0.320389,0.000000
11,313,0,grounding,0.129509,4.929243,0.102141,0.510000,0.143558,nan,0.192847,0.593750,0.975098,0.155181,0.496215,0.000000
11,314,1,unassigned,0.071057,4.999927,0.057542,0.120000,0.083365,nan,0.034787,0.716309,0.977539,0.168440,0.422844,0.000000
11,315,0,grounding,0.152261,4.630272,0.177075,0.705000,0.166923,nan,0.061238,0.826660,0.990723,0.104519,0.195877,0.000000
11,316,1,sink,0.052131,4.799682,0.041661,0.050000,0.062019,nan,1.328115,0.899902,0.981934,0.083444,0.511744,0.000000
11,317,0,unassigned,0.091709,4.793156,0.073967,0.095000,0.104808,nan,1.506718,0.342285,0.984863,0.191437,0.502132,0.000000
11,318,1,unassigned,0.097679,4.581769,0.052765,0.000000,0.111538,nan,0.486201,0.727051,0.976562,0.127487,0.294142,0.000000
11,319,0,reroute,0.080653,4.792738,0.073035,0.267500,0.093846,nan,0.781249,0.621094,0.988281,0.216186,0.667878,0.000000
11,320,1,sink,0.026557,4.179797,0.022919,0.012500,0.032212,nan,1.003795,0.750488,0.992188,0.080814,0.229614,0.000000
11,321,2,unassigned,0.075317,4.444759,0.063163,0.017500,0.087500,nan,0.797541,0.074524,0.949707,0.176110,0.502272,0.000000
11,322,0,sink,0.113325,4.848145,0.100570,0.467500,0.127692,nan,0.249364,0.763672,0.984863,0.093864,0.367410,0.000000
11,323,0,sink,0.103761,4.966258,0.079761,0.257500,0.117788,nan,0.056075,0.748047,0.993652,0.148025,0.450552,0.000000
11,324,1,unassigned,0.032033,4.588531,0.031175,0.015000,0.038750,nan,0.339909,0.380859,0.977051,0.147334,0.385881,0.000000
11,325,0,grounding,0.140806,4.582863,0.183487,0.790000,0.155962,nan,0.118060,0.466553,0.977539,0.099182,0.430906,0.000000
11,326,0,unassigned,0.111193,4.684340,0.120480,0.485000,0.125385,nan,0.088170,0.306152,0.977539,0.081108,0.465778,0.000000
11,327,1,unassigned,0.047372,4.789133,0.046410,0.050000,0.056154,nan,0.114673,0.369385,0.977051,0.087101,0.238020,0.000000
11,328,1,unassigned,0.095640,4.501161,0.087601,0.165000,0.108654,nan,0.120130,0.739746,0.986328,0.078941,0.232454,0.000000
11,329,2,unassigned,0.014303,4.454545,0.023918,0.025000,0.017500,nan,2.022457,0.121887,0.968262,0.107052,1.170104,0.000000
11,330,2,unassigned,0.011421,4.152563,0.019103,0.012500,0.014135,nan,0.601679,0.362305,0.973145,0.105815,0.480824,0.000000
11,331,2,unassigned,0.073841,4.536269,0.062867,0.025000,0.086538,nan,1.394470,0.429199,0.976074,0.157219,0.576705,0.000000
11,332,2,unassigned,0.047536,4.478996,0.042834,0.015000,0.056346,nan,1.239448,0.294678,0.960449,0.074607,0.770222,0.000000
11,333,2,reroute,0.084789,4.888383,0.067675,0.155000,0.096923,nan,0.923393,0.333496,0.966797,0.152634,1.014740,0.000000
11,334,0,grounding,0.158120,4.453477,0.164325,0.475000,0.172212,nan,0.298868,0.404541,0.958984,0.153964,1.095385,0.000000
11,335,2,unassigned,0.007109,4.134736,0.014079,0.002500,0.008846,nan,1.890788,0.507324,0.979980,0.076861,1.074095,0.000000
12,336,2,unassigned,0.003428,4.497638,0.008996,0.005000,0.004423,nan,0.426655,0.043365,0.932129,0.068211,0.339369,0.000000
12,337,0,grounding,0.182941,4.284724,0.252077,0.802500,0.195096,nan,0.052428,0.780273,0.976562,0.204993,0.949299,0.000000
12,338,2,unassigned,0.021655,4.557484,0.028919,0.002500,0.026346,nan,1.551825,0.205933,0.963379,0.104246,0.458394,0.000000
12,339,1,unassigned,0.041020,4.469233,0.042020,0.012500,0.048365,nan,0.170914,0.395020,0.963867,0.094253,0.268370,0.000000
12,340,2,reroute,0.031243,4.636523,0.037730,0.027500,0.037596,nan,1.101430,0.185303,0.967773,0.213271,1.253253,0.000000
12,341,1,unassigned,0.032579,4.773471,0.035384,0.027500,0.039135,nan,0.090110,0.611328,0.978516,0.162675,0.432289,0.000000
12,342,1,unassigned,0.039246,4.742124,0.037497,0.007500,0.047212,nan,0.653628,0.372070,0.967773,0.085182,0.410800,0.000000
12,343,0,sink,0.113104,4.924284,0.091386,0.400000,0.127788,nan,0.294352,0.900391,0.981445,0.207640,0.756153,0.000000
12,344,0,grounding,0.128595,5.098308,0.082170,0.477500,0.142788,nan,0.547256,0.460693,0.976074,0.159986,0.681910,0.000000
12,345,1,unassigned,0.041459,4.952190,0.042784,0.032500,0.049327,nan,0.150395,0.769043,0.980469,0.125021,0.490434,0.000000
12,346,2,unassigned,0.009550,4.596665,0.021763,0.010000,0.011538,nan,1.105732,0.663574,0.973145,0.185211,0.753896,0.000000
12,347,0,unassigned,0.086568,4.967209,0.068533,0.300000,0.099519,nan,0.310058,0.805664,0.965820,0.129165,0.440321,0.000000
12,348,1,unassigned,0.071018,5.149294,0.049397,0.107500,0.082596,nan,0.324647,0.732422,0.979004,0.177930,0.669637,0.000000
12,349,1,reroute,0.020305,4.580735,0.031462,0.012500,0.024423,nan,0.214980,0.811523,0.977539,0.232978,0.949890,0.000000
12,350,1,reroute,0.044789,4.850955,0.039254,0.030000,0.053654,nan,0.245661,0.719727,0.974121,0.211179,1.104144,0.000000
12,351,2,unassigned,0.049584,4.327745,0.043419,0.012500,0.058365,nan,1.675485,0.358643,0.968750,0.122095,0.547796,0.000000
12,352,2,unassigned,0.048027,4.621599,0.039168,0.007500,0.057115,nan,0.932145,0.697266,0.967285,0.194935,0.925790,0.000000
12,353,2,unassigned,0.007293,4.678911,0.018554,0.012500,0.009135,nan,1.544009,0.318848,0.977539,0.112240,0.488051,0.000000
12,354,0,grounding,0.131546,4.559630,0.140603,0.525000,0.145673,nan,0.066117,0.821289,0.993652,0.191965,0.747877,0.000000
12,355,1,unassigned,0.075089,4.914493,0.055971,0.037500,0.086923,nan,0.326401,0.805176,0.963867,0.172642,0.679977,0.000000
12,356,0,grounding,0.144678,4.750558,0.117644,0.327500,0.158846,nan,0.584221,0.730957,0.977539,0.141668,0.631968,0.000000
12,357,1,sink,0.008159,4.678765,0.017279,0.012500,0.010096,nan,0.066937,0.934570,0.990234,0.085573,0.500609,0.000000
12,358,1,unassigned,0.070381,4.815863,0.062965,0.197500,0.082500,nan,0.264026,0.723633,0.975098,0.142044,0.688771,0.000000
12,359,1,reroute,0.013068,4.751372,0.026351,0.015000,0.016058,nan,0.231318,0.557617,0.979492,0.198090,1.130916,0.000000
12,360,0,unassigned,0.090902,4.288523,0.104580,0.185000,0.105000,nan,0.332548,0.684082,0.984375,0.149074,0.539860,0.000000
12,361,1,reroute,0.031625,4.710008,0.039629,0.042500,0.038077,nan,0.475838,0.558105,0.978027,0.184652,1.143948,0.000000
12,362,2,unassigned,0.013448,4.608255,0.017478,0.012500,0.016635,nan,0.167829,0.208862,0.960938,0.100830,0.391240,0.000000
12,363,1,unassigned,0.054274,4.780678,0.052435,0.100000,0.064327,nan,0.488538,0.730957,0.978027,0.139919,0.700818,0.000000
13,364,0,grounding,0.132773,4.658316,0.132076,0.365000,0.147500,nan,0.271779,0.528809,0.964355,0.144194,0.590256,0.000000
13,365,1,sink,0.027398,3.700254,0.024689,0.005000,0.033173,nan,0.258157,0.808105,0.974609,0.194316,0.824513,0.000000
13,366,2,unassigned,0.002259,3.888256,0.007015,0.015000,0.002885,nan,0.608504,0.112549,0.942871,0.098090,0.525112,0.000000
13,367,0,reroute,0.083039,4.789542,0.080187,0.222500,0.096154,nan,0.858945,0.413818,0.964355,0.215625,1.210043,0.000000
13,368,2,unassigned,0.093695,4.783195,0.073935,0.047500,0.106731,nan,0.873861,0.298584,0.953613,0.129739,0.823921,0.000000
13,369,0,grounding,0.167344,4.360588,0.195267,0.597500,0.180865,nan,0.098844,0.714844,0.968750,0.152062,0.637910,0.000000
13,370,2,unassigned,0.033733,3.684099,0.028509,0.007500,0.040481,nan,1.441914,0.219849,0.953125,0.107559,0.337249,0.000000
13,371,0,sink,0.114027,5.140815,0.069973,0.265000,0.127692,nan,0.238976,0.778320,0.975098,0.093688,0.212039,0.000000
13,372,1,sink,0.044034,4.942016,0.042387,0.087500,0.050962,nan,0.018879,0.942383,0.961914,0.117340,0.493107,0.000000
13,373,1,sink,0.029970,4.805018,0.031227,0.032500,0.035096,nan,0.015902,0.909668,0.981445,0.136885,0.580250,0.000000
13,374,0,grounding,0.149673,4.880851,0.134349,0.585000,0.163173,nan,0.056915,0.733887,0.981934,0.112341,0.323467,0.000000
13,375,1,unassigned,0.090106,5.035549,0.058415,0.080000,0.102981,nan,1.345287,0.497070,0.989258,0.111428,0.276300,0.000000
13,376,1,unassigned,0.015253,4.725562,0.025329,0.010000,0.018462,nan,0.210646,0.475586,0.968750,0.113308,0.572954,0.000000
13,377,0,unassigned,0.088387,4.789879,0.081036,0.200000,0.100192,nan,0.080817,0.377197,0.965820,0.106374,0.650078,0.000000
13,378,0,grounding,0.141784,4.850097,0.118633,0.450000,0.156538,nan,0.337412,0.603516,0.970215,0.137576,0.619395,0.000000
13,379,1,reroute,0.050258,4.684676,0.050207,0.100000,0.059519,nan,0.767552,0.513672,0.975098,0.189750,1.024883,0.000000
13,380,1,unassigned,0.036165,4.890425,0.038157,0.047500,0.044038,nan,0.764677,0.420410,0.973145,0.139793,1.009702,0.000000
13,381,0,unassigned,0.099188,4.744138,0.085229,0.217500,0.113173,nan,0.586198,0.667969,0.973145,0.088760,0.569681,0.000000
13,382,2,unassigned,0.015682,4.710358,0.025267,0.007500,0.019135,nan,2.083296,0.088501,0.965820,0.118946,0.482334,0.000000
13,383,2,unassigned,0.012056,3.820730,0.016383,0.007500,0.014904,nan,1.834327,0.482666,0.971191,0.093627,0.687680,0.000000
13,384,1,unassigned,0.057268,4.767103,0.048621,0.060000,0.068173,nan,0.347349,0.565918,0.979004,0.151954,0.828144,0.000000
13,385,1,unassigned,0.020703,4.711034,0.024947,0.017500,0.025000,nan,0.506566,0.572266,0.973633,0.121108,0.566005,0.000000
13,386,0,unassigned,0.092292,4.825332,0.076587,0.257500,0.106058,nan,1.085546,0.173340,0.969727,0.119277,0.621372,0.000000
13,387,1,unassigned,0.061126,4.861866,0.052298,0.040000,0.071346,nan,0.673898,0.463867,0.966797,0.102828,0.577196,0.000000
13,388,2,reroute,0.033994,4.736361,0.040249,0.025000,0.040769,nan,0.868568,0.456299,0.972168,0.204188,0.987493,0.000000
13,389,2,unassigned,0.077442,4.682683,0.068723,0.142500,0.089904,nan,0.736731,0.182739,0.956543,0.126091,0.668385,0.000000
13,390,2,reroute,0.048997,4.502340,0.055208,0.080000,0.057596,nan,1.633690,0.506348,0.980469,0.181627,1.020882,0.000000
13,391,2,unassigned,0.073200,4.830723,0.060497,0.140000,0.085385,nan,0.961593,0.240479,0.949219,0.137958,0.759760,0.000000
14,392,0,sink,0.061489,2.817701,0.151960,0.252500,0.073077,nan,0.931990,0.937500,0.978516,0.146006,0.739322,0.000000
14,393,1,sink,0.037761,4.330321,0.065328,0.160000,0.046058,nan,0.444020,0.922852,0.991211,0.126779,0.628817,0.000000
14,394,1,unassigned,0.058692,3.956952,0.104592,0.230000,0.069615,nan,0.736320,0.669434,0.972656,0.217174,0.830094,0.000000
14,395,1,unassigned,0.090885,4.630269,0.087009,0.275000,0.104423,nan,0.679911,0.791016,0.973145,0.150571,0.577782,0.000000
14,396,1,sink,0.035870,3.432567,0.097380,0.187500,0.043942,nan,0.053104,0.995605,0.996094,0.139167,0.708489,0.000000
14,397,1,sink,0.003224,4.314431,0.007682,0.010000,0.004135,nan,0.018962,0.994141,0.994629,0.094314,0.537728,0.000000
14,398,1,sink,0.022064,4.288029,0.043034,0.130000,0.027500,nan,0.760220,0.910645,0.982422,0.169593,0.692955,0.000000
14,399,0,sink,0.110919,3.838362,0.151478,0.227500,0.125481,nan,0.055508,0.967773,0.980957,0.115959,1.122765,0.000000
14,400,0,grounding,0.110755,3.481657,0.199811,0.320000,0.125577,nan,0.950658,0.508301,0.963867,0.201180,1.004538,0.000000
14,401,1,unassigned,0.082385,4.557325,0.077885,0.167500,0.095481,nan,0.170263,0.553711,0.964355,0.130967,0.632875,0.000000
14,402,0,unassigned,0.132667,4.942107,0.106117,0.402500,0.147500,nan,0.956989,0.527344,0.971680,0.137988,0.567800,0.000000
14,403,0,grounding,0.133053,4.101826,0.140318,0.285000,0.148077,nan,0.706557,0.165405,0.949219,0.150144,1.252425,0.000000
14,404,0,unassigned,0.114927,4.322622,0.147240,0.422500,0.129808,nan,1.128086,0.353027,0.947754,0.141778,0.714770,0.000000
14,405,2,unassigned,0.077985,3.946540,0.089427,0.077500,0.091250,nan,0.898938,0.130127,0.924316,0.191204,1.222686,0.000000
14,406,2,reroute,0.081363,4.359476,0.088043,0.122500,0.094904,nan,1.010272,0.214966,0.964844,0.216206,1.568288,0.000000
14,407,0,grounding,0.137272,4.231704,0.178986,0.472500,0.151827,nan,0.280057,0.292480,0.956543,0.162498,0.947569,0.000000
14,408,0,unassigned,0.089163,4.655958,0.095052,0.275000,0.102981,nan,0.274592,0.632812,0.977539,0.206169,0.900248,0.000000
14,409,2,unassigned,0.064459,4.479333,0.056967,0.045000,0.075962,nan,0.629181,0.194214,0.952148,0.144930,0.928074,0.000000
14,410,1,reroute,0.062997,4.721968,0.054482,0.042500,0.074423,nan,0.621190,0.414795,0.974609,0.249678,1.332317,0.000000
14,411,1,unassigned,0.070267,4.550928,0.060717,0.035000,0.082404,nan,0.522981,0.678223,0.978027,0.166205,0.777679,0.000000
14,412,2,unassigned,0.021193,4.695845,0.029915,0.015000,0.026058,nan,1.179924,0.217896,0.967285,0.115590,0.460753,0.000000
14,413,2,unassigned,0.004072,3.958562,0.009759,0.007500,0.005192,nan,2.109424,0.083801,0.958008,0.126576,0.637048,0.000000
14,414,2,unassigned,0.021774,5.007310,0.030757,0.012500,0.026731,nan,1.949117,0.273682,0.966797,0.104242,0.514049,0.000000
14,415,0,reroute,0.148301,3.841888,0.193363,0.300000,0.162788,nan,0.459999,0.330078,0.957520,0.250267,1.227355,0.000000
14,416,0,grounding,0.139831,4.227064,0.169342,0.332500,0.154615,nan,0.295931,0.680176,0.982422,0.137761,0.505357,0.000000
14,417,2,unassigned,0.006692,4.171940,0.015551,0.015000,0.008462,nan,0.303784,0.101990,0.952148,0.093342,0.451776,0.000000
14,418,0,grounding,0.119453,4.365943,0.155087,0.657500,0.134038,nan,0.352817,0.422852,0.958496,0.213054,0.995843,0.000000
14,419,2,unassigned,0.024542,4.718604,0.030228,0.012500,0.029712,nan,1.680327,0.277344,0.972656,0.201263,1.148818,0.000000
15,420,0,unassigned,0.139763,4.509551,0.129571,0.225000,0.154135,nan,0.336806,0.674316,0.968262,0.113653,0.600723,0.000000
15,421,1,unassigned,0.074523,4.785358,0.066020,0.110000,0.087308,nan,0.652035,0.826660,0.991699,0.126210,0.584861,0.000000
15,422,1,sink,0.016635,4.446205,0.027483,0.005000,0.020096,nan,0.183806,0.866211,0.973633,0.112135,0.734793,0.000000
15,423,0,unassigned,0.113753,4.691271,0.100390,0.225000,0.128173,nan,0.272895,0.637695,0.978516,0.153715,0.656443,0.000000
15,424,1,unassigned,0.065030,5.007462,0.051609,0.102500,0.076538,nan,0.760073,0.694336,0.972168,0.146764,0.616792,0.000000
15,425,1,unassigned,0.029963,4.770692,0.032914,0.030000,0.035385,nan,0.102221,0.529785,0.969238,0.062242,0.295934,0.000000
15,426,0,unassigned,0.136707,4.913153,0.122094,0.567500,0.151058,nan,0.070870,0.738770,0.985352,0.100923,0.460243,0.000000
15,427,0,unassigned,0.113746,4.334419,0.117762,0.292500,0.128173,nan,0.467790,0.715820,0.974121,0.171551,0.683259,0.000000
15,428,1,unassigned,0.052303,4.543581,0.048950,0.030000,0.061058,nan,0.021587,0.629883,0.985840,0.097125,0.311430,0.000000
15,429,0,grounding,0.158057,4.265225,0.265710,0.812500,0.172500,nan,0.007192,0.607422,0.976074,0.120484,0.309358,0.000000
15,430,1,unassigned,0.097611,5.072666,0.061972,0.142500,0.111346,nan,0.127775,0.614258,0.983398,0.124252,0.343334,0.000000
15,431,2,unassigned,0.056857,3.823315,0.073694,0.192500,0.067596,nan,0.010332,0.640137,0.979980,0.112258,1.124855,0.000000
15,432,1,unassigned,0.025801,4.893267,0.035530,0.015000,0.031058,nan,0.082395,0.495361,0.985352,0.121625,0.495418,0.000000
15,433,0,grounding,0.162729,4.163527,0.216860,0.645000,0.176346,nan,0.065225,0.352051,0.972168,0.145770,0.664171,0.000000
15,434,2,reroute,0.095112,4.863148,0.075235,0.165000,0.109038,nan,1.465473,0.527344,0.971680,0.147098,0.904462,0.000000
15,435,0,reroute,0.146027,4.510790,0.136893,0.315000,0.159904,nan,0.099252,0.909180,0.980469,0.187729,0.927908,0.000000
15,436,0,grounding,0.156895,4.608583,0.171769,0.555000,0.170962,nan,0.078071,0.889648,0.974609,0.096599,0.279246,0.000000
15,437,1,unassigned,0.025814,4.719281,0.029120,0.015000,0.031058,nan,0.617304,0.622070,0.984375,0.053204,0.263723,0.000000
15,438,1,sink,0.040196,4.672464,0.036749,0.017500,0.048365,nan,0.084259,0.965820,0.980957,0.108581,0.620792,0.000000
15,439,1,unassigned,0.011470,4.627031,0.016903,0.000000,0.014231,nan,0.327744,0.810547,0.974121,0.102196,0.590583,0.000000
15,440,2,unassigned,0.028060,4.651550,0.029419,0.015000,0.034231,nan,0.895504,0.717285,0.971191,0.119931,0.822295,0.000000
15,441,0,unassigned,0.142498,4.866598,0.114319,0.470000,0.156538,nan,0.051128,0.813477,0.985840,0.129132,0.452368,0.000000
15,442,0,reroute,0.135763,4.678798,0.107392,0.270000,0.149808,nan,0.305212,0.287598,0.957520,0.154681,1.039796,0.000000
15,443,2,unassigned,0.054614,4.749542,0.052552,0.030000,0.063846,nan,0.862260,0.106995,0.936035,0.087514,0.435353,0.000000
15,444,2,unassigned,0.102837,4.708557,0.101409,0.347500,0.117500,nan,0.988454,0.390137,0.963379,0.132527,0.638620,0.000000
15,445,1,sink,0.023117,4.821842,0.029515,0.000000,0.028365,nan,0.198758,0.901855,0.983398,0.084613,0.243400,0.000000
15,446,1,unassigned,0.059383,4.660033,0.049499,0.007500,0.069519,nan,0.229399,0.683105,0.982910,0.089782,0.302056,0.000000
15,447,0,grounding,0.172886,4.552997,0.204381,0.795000,0.185962,nan,0.228336,0.509277,0.973145,0.192393,0.802335,0.000000
16,448,2,unassigned,0.057164,4.130858,0.071202,0.107500,0.068173,nan,1.647451,0.419189,0.972656,0.097586,1.075885,0.000000
16,449,0,unassigned,0.111739,3.683081,0.157899,0.222500,0.126538,nan,0.453769,0.526367,0.966797,0.151551,1.255906,0.000000
16,450,1,unassigned,0.076773,4.349629,0.092265,0.150000,0.089808,nan,1.040448,0.572754,0.973633,0.121831,0.941730,0.000000
16,451,1,unassigned,0.076840,4.760383,0.066787,0.122500,0.089808,nan,1.497412,0.443359,0.979004,0.178382,1.082784,0.000000
16,452,2,unassigned,0.022644,4.368916,0.028193,0.017500,0.027692,nan,1.561561,0.503418,0.979004,0.060589,0.825749,0.000000
16,453,1,unassigned,0.091539,4.888869,0.075398,0.245000,0.105481,nan,0.953452,0.375244,0.974609,0.120480,0.792128,0.000000
16,454,2,reroute,0.019860,4.210638,0.023154,0.012500,0.024327,nan,1.013961,0.200073,0.960938,0.242316,1.710459,0.000000
16,455,0,grounding,0.178238,3.791357,0.314553,0.747500,0.190577,nan,0.540064,0.439209,0.978027,0.189120,0.871505,0.000000
16,456,1,sink,0.090565,4.851987,0.064003,0.022500,0.103750,nan,0.416817,0.778809,0.976562,0.115490,0.442988,0.000000
16,457,1,unassigned,0.081236,4.783943,0.065089,0.025000,0.094038,nan,2.137599,0.713867,0.973633,0.093756,0.578066,0.000000
16,458,1,sink,0.025648,4.418056,0.025057,0.005000,0.031538,nan,0.134189,0.969238,0.977539,0.057987,0.214370,0.000000
16,459,0,sink,0.152875,4.048028,0.214367,0.432500,0.167115,nan,0.128332,0.958008,0.974121,0.116405,0.385653,0.000000
16,460,1,sink,0.097958,4.506463,0.098301,0.160000,0.111250,nan,0.873275,0.805176,0.964355,0.093419,0.744756,0.000000
16,461,0,sink,0.080549,3.513863,0.194837,0.415000,0.093654,nan,1.170194,0.872559,0.986816,0.074421,0.501809,0.000000
16,462,2,reroute,0.066975,4.126518,0.085732,0.097500,0.079327,nan,0.977388,0.085571,0.937500,0.166251,1.669180,0.000000
16,463,2,unassigned,0.014719,4.398514,0.018384,0.005000,0.018173,nan,2.072124,0.056091,0.948242,0.059388,0.656532,0.000000
16,464,1,unassigned,0.084842,4.477905,0.097201,0.322500,0.097885,nan,0.691323,0.378418,0.974121,0.103444,1.076400,0.000000
16,465,0,unassigned,0.100034,3.522243,0.165576,0.220000,0.114615,nan,0.434474,0.437256,0.976562,0.162777,1.101501,0.000000
16,466,2,unassigned,0.045644,4.427636,0.050636,0.045000,0.054615,nan,1.050089,0.507812,0.970215,0.158017,1.349067,0.000000
16,467,1,unassigned,0.072421,4.690393,0.067122,0.135000,0.085288,nan,1.560019,0.372314,0.982910,0.124244,0.610275,0.000000
16,468,0,reroute,0.102003,4.138840,0.146289,0.460000,0.116923,nan,0.761423,0.079651,0.946777,0.204854,1.769881,0.000000
16,469,1,unassigned,0.108779,4.925311,0.085786,0.377500,0.122212,nan,0.087559,0.581543,0.971680,0.121545,0.523665,0.000000
16,470,1,reroute,0.065484,4.680135,0.059041,0.085000,0.076731,nan,0.491271,0.475586,0.966797,0.204811,1.518846,0.000000
16,471,0,grounding,0.168779,4.826839,0.173080,0.840000,0.181635,nan,0.149486,0.600098,0.969727,0.144881,0.495275,0.000000
16,472,0,grounding,0.157901,4.890355,0.127539,0.527500,0.171346,nan,0.672141,0.621582,0.984863,0.101610,0.438495,0.000000
16,473,1,unassigned,0.085288,4.471767,0.076785,0.102500,0.097308,nan,0.156261,0.487549,0.971680,0.126261,0.924602,0.000000
16,474,2,unassigned,0.027884,4.913309,0.031100,0.110000,0.034327,nan,1.151994,0.127563,0.914062,0.107682,0.593267,0.000000
16,475,1,reroute,0.066476,4.524605,0.066452,0.122500,0.078077,nan,1.009492,0.490234,0.976074,0.215034,1.303234,0.000000
17,476,1,unassigned,0.088067,4.820589,0.071087,0.125000,0.100769,nan,0.250723,0.809082,0.979492,0.090377,0.744305,0.000000
17,477,0,grounding,0.142206,4.693601,0.154074,0.615000,0.156538,nan,0.036646,0.386963,0.959473,0.121317,1.047787,0.000000
17,478,1,unassigned,0.071594,4.668047,0.064923,0.082500,0.083942,nan,0.060638,0.808594,0.972656,0.081827,0.643330,0.000000
17,479,0,unassigned,0.125468,4.863495,0.101448,0.422500,0.139904,nan,0.135844,0.732422,0.978516,0.121850,0.636377,0.000000
17,480,2,unassigned,0.006725,4.679966,0.018634,0.002500,0.008558,nan,0.256012,0.450684,0.971191,0.108396,0.439231,0.000000
17,481,1,unassigned,0.083340,4.978372,0.059690,0.092500,0.095769,nan,0.141299,0.765137,0.981445,0.145954,0.990430,0.000000
17,482,2,unassigned,0.004215,4.001456,0.011921,0.002500,0.005385,nan,0.392482,0.359375,0.955078,0.087198,0.735458,0.000000
17,483,0,grounding,0.161244,3.371410,0.286934,0.510000,0.175000,nan,0.332111,0.704590,0.969238,0.164198,0.607253,0.000000
17,484,0,unassigned,0.072031,2.945645,0.159967,0.227500,0.084615,nan,0.477195,0.891602,0.976562,0.176740,0.727942,0.000000
17,485,1,unassigned,0.074758,5.049292,0.053747,0.067500,0.087212,nan,0.381443,0.652344,0.973633,0.105875,0.262466,0.000000
17,486,1,sink,0.024698,4.253884,0.032449,0.060000,0.030673,nan,0.270718,0.953125,0.969727,0.082091,0.309086,0.000000
17,487,1,unassigned,0.092679,4.668180,0.081198,0.145000,0.106154,nan,0.135412,0.754883,0.987793,0.112836,0.237137,0.000000
17,488,1,unassigned,0.102511,4.818030,0.079805,0.157500,0.116346,nan,0.224925,0.866699,0.970215,0.081211,0.253021,0.000000
17,489,1,sink,0.041804,3.610667,0.121980,0.232500,0.050865,nan,0.375230,0.916992,0.987305,0.106862,0.507256,0.000000
17,490,0,unassigned,0.132849,4.556917,0.127384,0.325000,0.147308,nan,0.279547,0.885742,0.974121,0.127223,0.869336,0.000000
17,491,0,unassigned,0.136732,4.590727,0.156238,0.537500,0.151442,nan,0.431821,0.809082,0.974121,0.079807,1.099953,0.000000
17,492,1,sink,0.032217,4.920895,0.034146,0.002500,0.039135,nan,0.159505,0.951172,0.968750,0.127058,1.035007,0.000000
17,493,0,unassigned,0.126929,4.643936,0.107319,0.282500,0.141731,nan,0.291109,0.759277,0.985840,0.134933,0.699082,0.000000
17,494,0,grounding,0.171651,3.938445,0.282788,0.592500,0.184808,nan,0.335991,0.793457,0.969238,0.116347,1.049749,0.000000
17,495,1,sink,0.099406,4.278081,0.125262,0.310000,0.112981,nan,0.243144,0.923340,0.990723,0.070847,0.750592,0.000000
17,496,0,grounding,0.147789,4.222703,0.202730,0.477500,0.162308,nan,0.251756,0.900391,0.982910,0.094998,1.044072,0.000000
17,497,2,unassigned,0.015411,4.600983,0.029109,0.000000,0.018750,nan,0.437699,0.446777,0.977051,0.134351,0.741944,0.000000
17,498,2,reroute,0.042632,4.907719,0.042804,0.060000,0.050769,nan,0.790002,0.500977,0.980469,0.179720,0.913933,0.000000
17,499,2,unassigned,0.077730,4.926827,0.060003,0.130000,0.090577,nan,0.486534,0.541504,0.968262,0.134756,0.881297,0.000000
17,500,2,unassigned,0.042341,4.890422,0.041966,0.047500,0.051154,nan,0.715008,0.625000,0.984863,0.148399,0.923769,0.000000
17,501,2,unassigned,0.075077,4.909153,0.061924,0.165000,0.086827,nan,0.689788,0.716309,0.972656,0.152648,0.786811,0.000000
17,502,2,reroute,0.043055,4.716940,0.041124,0.022500,0.051635,nan,0.587089,0.739258,0.982910,0.184097,1.622643,0.000000
17,503,0,grounding,0.144124,4.476712,0.144907,0.347500,0.158462,nan,0.530006,0.531250,0.971191,0.100874,0.759897,0.000000
18,504,2,unassigned,0.034030,4.899349,0.037082,0.030000,0.041154,nan,0.593842,0.212280,0.971680,0.105134,0.336372,0.000000
18,505,1,unassigned,0.030629,4.528667,0.030604,0.000000,0.036731,nan,0.593289,0.663574,0.975098,0.092950,0.515142,0.000000
18,506,1,reroute,0.102258,5.009604,0.075830,0.350000,0.115673,nan,0.047306,0.821289,0.993164,0.226994,1.139583,0.000000
18,507,1,sink,0.127183,4.847102,0.098933,0.127500,0.141827,nan,0.138952,0.803711,0.963379,0.124433,0.426229,0.000000
18,508,0,grounding,0.171540,4.194807,0.289749,0.850000,0.185096,nan,0.203611,0.442139,0.976074,0.165108,1.028560,0.000000
18,509,0,reroute,0.121574,4.912732,0.096816,0.452500,0.135865,nan,0.537203,0.348145,0.970703,0.199998,1.073225,0.000000
18,510,1,sink,0.116977,5.075895,0.077553,0.287500,0.130096,nan,0.181332,0.852051,0.980957,0.146947,0.595268,0.000000
18,511,2,unassigned,0.019040,0.000000,0.000000,0.005000,0.020192,nan,0.000000,0.000000,nan,0.000000,0.000000,0.000000
18,512,1,unassigned,0.106350,4.768455,0.083369,0.155000,0.120096,nan,0.663954,0.315186,0.978027,0.144314,0.569660,0.000000
18,513,0,unassigned,0.124005,4.520323,0.128005,0.442500,0.138462,nan,0.162170,0.420654,0.977051,0.114276,0.543547,0.000000
18,514,0,grounding,0.160981,3.799656,0.224960,0.357500,0.174808,nan,0.536077,0.381592,0.972656,0.125701,0.947062,0.000000
18,515,1,unassigned,0.088269,4.367791,0.069717,0.042500,0.101731,nan,0.790492,0.676270,0.972168,0.102778,0.486124,0.000000
18,516,0,sink,0.129412,4.624862,0.126316,0.425000,0.144038,nan,0.246608,0.798828,0.965820,0.110853,0.481994,0.000000
18,517,0,grounding,0.170692,4.464595,0.211630,0.592500,0.183846,nan,0.150473,0.636230,0.980469,0.115093,0.752591,0.000000
18,518,0,unassigned,0.132267,3.964913,0.180611,0.285000,0.147115,nan,0.700795,0.494873,0.979004,0.138019,0.953680,0.000000
18,519,0,grounding,0.145999,4.216795,0.221632,0.660000,0.160865,nan,0.181424,0.369629,0.966309,0.149197,1.030272,0.000000
18,520,0,unassigned,0.149557,3.792737,0.199176,0.275000,0.163942,nan,1.412573,0.209961,0.962891,0.127181,1.145344,0.000000
18,521,2,unassigned,0.053352,4.554641,0.054563,0.070000,0.064038,nan,0.274739,0.049255,0.946777,0.071109,0.761817,0.000000
18,522,2,reroute,0.126650,4.647905,0.102766,0.172500,0.140962,nan,0.892075,0.099182,0.948242,0.205997,1.280911,0.000000
18,523,1,unassigned,0.075420,4.944808,0.061644,0.112500,0.088077,nan,0.934978,0.648438,0.974121,0.117104,0.448433,0.000000
18,524,2,reroute,0.117529,4.792840,0.113831,0.457500,0.132404,nan,1.299169,0.066101,0.964355,0.186493,1.072657,0.000000
18,525,0,unassigned,0.144692,4.968835,0.116939,0.477500,0.159231,nan,0.229456,0.526367,0.973145,0.138374,0.428194,0.000000
18,526,1,unassigned,0.101363,4.762662,0.071371,0.037500,0.115481,nan,0.550832,0.602539,0.972656,0.132594,0.360477,0.000000
18,527,1,unassigned,0.140776,4.211032,0.136592,0.055000,0.155385,nan,0.788974,0.592285,0.974121,0.054165,0.284487,0.000000
18,528,0,unassigned,0.136751,4.728539,0.138904,0.512500,0.151346,nan,0.367959,0.631348,0.984863,0.135410,0.383733,0.000000
18,529,2,unassigned,0.057009,4.997174,0.052159,0.142500,0.067115,nan,0.378475,0.208008,0.973145,0.122150,0.535493,0.000000
18,530,0,grounding,0.162898,4.507712,0.172800,0.445000,0.176538,nan,0.269318,0.695801,0.965820,0.119441,0.569013,0.000000
18,531,1,unassigned,0.117091,4.911046,0.096062,0.420000,0.131827,nan,0.150870,0.703613,0.970703,0.092458,0.293680,0.000000
19,532,2,unassigned,0.019040,0.000000,0.000000,0.005000,0.020192,nan,0.000000,0.000000,nan,0.000000,0.000000,0.000000
19,533,0,sink,0.165146,3.692967,0.269504,0.440000,0.178846,nan,0.382841,0.881836,0.971680,0.127122,0.406821,0.000000
19,534,2,unassigned,0.135994,3.912339,0.160727,0.162500,0.150865,nan,1.200924,0.241455,0.966797,0.093906,0.579703,0.000000
19,535,0,sink,0.160285,3.463472,0.349527,0.715000,0.174327,nan,0.089209,0.972656,0.977539,0.143906,0.712827,0.000000
19,536,0,grounding,0.158493,3.534841,0.284111,0.545000,0.172596,nan,0.792840,0.376465,0.965820,0.235521,1.206883,0.000000
19,537,0,grounding,0.164672,3.245094,0.326845,0.535000,0.178269,nan,0.097632,0.702637,0.968750,0.229076,0.984084,0.000000
19,538,0,unassigned,0.131962,3.890278,0.194869,0.437500,0.146731,nan,0.970450,0.295166,0.961426,0.172173,0.788096,0.000000
19,539,1,unassigned,0.036201,4.843430,0.039670,0.025000,0.042885,nan,0.072542,0.701172,0.969238,0.115903,0.472851,0.000000
19,540,1,sink,0.046654,4.870969,0.045087,0.075000,0.055288,nan,0.026309,0.932129,0.997559,0.117680,0.484245,0.000000
19,541,1,sink,0.119458,5.023745,0.079912,0.310000,0.133846,nan,0.050108,0.878418,0.977539,0.151479,0.656330,0.000000
19,542,1,unassigned,0.081645,4.568996,0.071172,0.130000,0.094519,nan,0.210550,0.684570,0.985352,0.103052,0.431644,0.000000
19,543,1,unassigned,0.062270,4.870824,0.051210,0.065000,0.072692,nan,0.206221,0.175537,0.965820,0.111861,0.428978,0.000000
19,544,0,unassigned,0.150956,4.565059,0.157190,0.542500,0.164712,nan,0.110228,0.602051,0.971191,0.147181,0.690403,0.000000
19,545,1,unassigned,0.118670,4.806099,0.098814,0.320000,0.132692,nan,0.153192,0.367676,0.976074,0.112716,0.407002,0.000000
19,546,0,unassigned,0.159312,4.110237,0.227516,0.602500,0.173269,nan,0.292675,0.405762,0.966797,0.089474,0.931635,0.000000
19,547,0,grounding,0.163309,3.214973,0.342278,0.635000,0.177019,nan,0.250580,0.699707,0.971191,0.171850,1.693820,0.000000
19,548,0,unassigned,0.140852,4.535657,0.142785,0.435000,0.155000,nan,0.504274,0.580078,0.969727,0.172479,1.083482,0.000000
19,549,0,grounding,0.170024,3.744581,0.306144,0.755000,0.183462,nan,0.275801,0.400146,0.957031,0.125618,1.436270,0.000000
19,550,0,unassigned,0.143732,4.639114,0.129985,0.392500,0.158365,nan,0.594319,0.524902,0.972656,0.146527,0.966325,0.000000
19,551,0,unassigned,0.160220,4.139232,0.215713,0.555000,0.173750,nan,0.662389,0.153076,0.958496,0.159058,1.521924,0.000000
19,552,2,unassigned,0.093954,4.408457,0.109110,0.350000,0.108173,nan,0.989282,0.208984,0.960938,0.146219,1.282784,0.000000
19,553,2,unassigned,0.106123,4.620196,0.097456,0.212500,0.120385,nan,1.584447,0.129517,0.950684,0.167730,1.348729,0.000000
19,554,2,reroute,0.083357,4.162355,0.080304,0.037500,0.096154,nan,0.937817,0.318848,0.958984,0.121715,2.154585,0.000000
19,555,2,reroute,0.096716,4.305656,0.110356,0.242500,0.110865,nan,0.668941,0.265625,0.957520,0.301448,1.569357,0.000000
19,556,2,reroute,0.090178,4.715295,0.073831,0.140000,0.103654,nan,1.228059,0.203247,0.962891,0.181384,1.753006,0.000000
19,557,1,unassigned,0.130073,4.619065,0.122164,0.327500,0.144712,nan,0.803727,0.720703,0.970703,0.184966,0.951306,0.000000
19,558,2,unassigned,0.100007,4.602848,0.082351,0.100000,0.114231,nan,1.236634,0.241211,0.961426,0.214765,1.047763,0.000000
19,559,2,unassigned,0.094491,4.096647,0.104178,0.150000,0.108654,nan,1.547611,0.293701,0.958008,0.038268,0.579610,0.000000
20,560,1,unassigned,0.075023,4.775656,0.064900,0.122500,0.086154,nan,0.195817,0.730469,0.977051,0.109426,0.554653,0.000000
20,561,1,unassigned,0.072928,4.590949,0.064672,0.072500,0.083846,nan,0.066337,0.626953,0.986816,0.154324,1.149655,0.000000
20,562,2,unassigned,0.111558,4.619050,0.080764,0.135000,0.125769,nan,0.493264,0.115601,0.962402,0.098596,0.374810,0.000000
20,563,1,unassigned,0.127426,4.491936,0.129449,0.400000,0.141923,nan,0.176793,0.620117,0.982910,0.147467,0.987277,0.000000
20,564,2,reroute,0.090948,4.602314,0.064065,0.035000,0.103654,nan,0.321550,0.208008,0.960938,0.203039,1.370313,0.000000
20,565,0,unassigned,0.175487,3.821319,0.228488,0.435000,0.188462,nan,0.729512,0.228516,0.955078,0.141992,1.025981,0.000000
20,566,1,sink,0.152484,4.944895,0.126522,0.657500,0.166731,nan,0.262316,0.800781,0.966309,0.110133,0.386803,0.000000
20,567,0,unassigned,0.176414,4.282104,0.225668,0.697500,0.189519,nan,0.199380,0.752930,0.992676,0.106640,0.299233,0.000000
20,568,0,unassigned,0.156149,2.991618,0.366091,0.690000,0.170865,nan,0.347752,0.750977,0.987305,0.136648,0.757048,0.000000
20,569,0,sink,0.174990,3.285484,0.390573,0.752500,0.187981,nan,0.021204,0.937500,0.980469,0.086210,0.596495,0.000000
20,570,0,unassigned,0.168923,4.389958,0.235501,0.740000,0.182500,nan,0.671826,0.387207,0.970703,0.193807,0.750850,0.000000
20,571,1,sink,0.153032,3.923033,0.224248,0.437500,0.167212,nan,0.365072,0.780273,0.975098,0.097091,0.962939,0.000000
20,572,0,sink,0.172888,3.451161,0.330188,0.592500,0.185865,nan,0.056718,0.955078,0.972656,0.094770,0.434144,0.000000
20,573,0,grounding,0.172686,3.710704,0.337401,0.770000,0.186250,nan,0.371100,0.518066,0.972168,0.093432,0.460362,0.000000
20,574,1,unassigned,0.102006,4.627800,0.094131,0.252500,0.116154,nan,0.337268,0.627441,0.988770,0.143616,0.577421,0.000000
20,575,2,unassigned,0.086402,4.720240,0.065977,0.055000,0.099231,nan,1.077655,0.496826,0.980957,0.075733,1.223041,0.000000
20,576,0,unassigned,0.156856,4.505893,0.198999,0.765000,0.171250,nan,0.885644,0.244141,0.968262,0.132214,1.285194,0.000000
20,577,0,unassigned,0.156794,3.551187,0.283232,0.632500,0.170962,nan,0.863234,0.161865,0.960938,0.121911,1.760385,0.000000
20,578,0,unassigned,0.151518,4.028851,0.254711,0.750000,0.166058,nan,0.344131,0.576660,0.972168,0.098742,0.973089,0.000000
20,579,0,unassigned,0.161639,3.699788,0.305295,0.677500,0.175769,nan,1.683774,0.415771,0.975586,0.090944,1.538904,0.000000
20,580,1,unassigned,0.124200,4.618196,0.105974,0.250000,0.138750,nan,1.355680,0.627930,0.985840,0.099226,0.747958,0.000000
20,581,0,reroute,0.159672,4.083607,0.208687,0.445000,0.173750,nan,0.515222,0.603027,0.968262,0.177776,1.441951,0.000000
20,582,0,unassigned,0.155225,4.296866,0.195732,0.615000,0.169423,nan,1.087554,0.204224,0.965332,0.160283,1.354269,0.000000
20,583,2,reroute,0.134532,4.729730,0.133550,0.532500,0.149231,nan,0.467079,0.435791,0.960449,0.160081,1.548066,0.000000
20,584,1,unassigned,0.155260,4.772600,0.134078,0.495000,0.169519,nan,0.676890,0.734863,0.981445,0.138321,0.778338,0.000000
20,585,1,unassigned,0.085733,5.078940,0.061560,0.230000,0.098365,nan,0.548456,0.633789,0.983398,0.171609,0.868092,0.000000
20,586,2,unassigned,0.131651,3.843921,0.177698,0.407500,0.146538,nan,1.083177,0.392090,0.960938,0.121170,1.465366,0.000000
20,587,2,unassigned,0.138382,4.090884,0.208841,0.570000,0.153462,nan,0.481382,0.091675,0.960449,0.091033,1.351614,0.000000
21,588,0,reroute,0.143287,3.715063,0.251705,0.530000,0.157885,nan,1.504194,0.328125,0.968750,0.224544,1.246792,0.000000
21,589,2,unassigned,0.106267,4.512547,0.111519,0.365000,0.120769,nan,2.371726,0.424316,0.978516,0.049813,0.699374,0.000000
21,590,0,unassigned,0.114428,3.808390,0.208901,0.452500,0.129327,nan,0.265787,0.808105,0.972656,0.174054,1.179477,0.000000
21,591,1,unassigned,0.072545,4.676721,0.067879,0.105000,0.084904,nan,0.660117,0.670410,0.971680,0.095852,0.586701,0.000000
21,592,2,unassigned,0.068424,4.087487,0.111240,0.332500,0.080769,nan,0.558432,0.549316,0.972168,0.123775,0.866182,0.000000
21,593,0,reroute,0.134910,3.643148,0.245563,0.517500,0.150000,nan,0.790210,0.592285,0.970703,0.212246,1.477544,0.000000
21,594,2,unassigned,0.068422,4.894860,0.051970,0.040000,0.080865,nan,0.910944,0.175537,0.967285,0.123807,0.447926,0.000000
21,595,0,unassigned,0.152457,4.028977,0.255541,0.677500,0.166923,nan,0.267747,0.683594,0.984375,0.206202,1.122165,0.000000
21,596,1,unassigned,0.146932,4.861944,0.111214,0.340000,0.161058,nan,0.381129,0.730957,0.979004,0.107007,0.554935,0.000000
21,597,1,sink,0.135366,4.722632,0.108429,0.320000,0.149808,nan,0.015446,0.985840,0.987305,0.106986,0.346949,0.000000
21,598,1,unassigned,0.110744,4.651097,0.104723,0.327500,0.125577,nan,0.350426,0.368652,0.975098,0.156948,0.829164,0.000000
21,599,1,unassigned,0.080097,4.800651,0.053831,0.000000,0.092788,nan,0.315267,0.816406,0.989258,0.096369,0.419096,0.000000
21,600,1,unassigned,0.061352,4.929377,0.045575,0.005000,0.072404,nan,0.337087,0.788086,0.973633,0.108951,0.365967,0.000000
21,601,0,grounding,0.179260,2.929075,0.391738,0.652500,0.192019,nan,0.119935,0.680176,0.981934,0.214853,1.575086,0.000000
21,602,0,grounding,0.167110,3.371167,0.221442,0.375000,0.180673,nan,0.554287,0.692871,0.976562,0.174968,0.923763,0.000000
21,603,2,reroute,0.047436,0.929618,0.328239,0.302500,0.054712,nan,0.040649,0.567871,0.976074,0.111828,3.679851,0.000000
21,604,1,sink,0.147798,4.877295,0.114444,0.417500,0.161635,nan,0.055881,0.869629,0.968262,0.113403,0.491114,0.000000
21,605,1,unassigned,0.098439,4.568208,0.083410,0.130000,0.111827,nan,0.612980,0.505859,0.981934,0.123917,0.822500,0.000000
21,606,1,unassigned,0.094436,4.978931,0.068667,0.137500,0.108269,nan,0.410803,0.618652,0.986328,0.107897,0.473531,0.000000
21,607,0,unassigned,0.170434,4.033026,0.184064,0.297500,0.183558,nan,0.208479,0.624512,0.982422,0.132144,0.667459,0.000000
21,608,1,sink,0.159131,4.616024,0.145769,0.435000,0.172596,nan,0.032968,0.926758,0.994141,0.080896,0.295005,0.000000
21,609,0,sink,0.109460,2.959320,0.354568,0.667500,0.125096,nan,0.120542,0.865723,0.971191,0.113674,0.855717,0.000000
21,610,0,unassigned,0.131253,3.777389,0.217538,0.495000,0.146442,nan,2.034633,0.342529,0.978027,0.166028,1.508868,0.000000
21,611,2,unassigned,0.065698,3.877220,0.055489,0.025000,0.077115,nan,1.500631,0.029053,0.960449,0.089808,0.583148,0.000000
21,612,0,unassigned,0.106497,3.267597,0.311825,0.622500,0.122115,nan,0.453553,0.510254,0.967773,0.176612,1.534731,0.000000
21,613,0,reroute,0.130085,2.790188,0.380695,0.652500,0.145577,nan,0.330586,0.661133,0.970215,0.252707,1.992534,0.000000
21,614,2,unassigned,0.116603,3.376223,0.195012,0.345000,0.131731,nan,1.127851,0.577637,0.970215,0.083753,0.880173,0.000000
21,615,0,unassigned,0.135648,3.512442,0.299981,0.640000,0.150865,nan,0.812754,0.692383,0.977051,0.123568,1.318940,0.000000
22,616,1,unassigned,0.060015,3.672324,0.171509,0.422500,0.071635,nan,0.481086,0.844727,0.983887,0.081116,0.519485,0.000000
22,617,1,sink,0.067701,1.927213,0.239631,0.322500,0.080192,nan,0.058792,0.954102,0.970703,0.169943,0.995800,0.000000
22,618,1,unassigned,0.047128,4.225000,0.104162,0.397500,0.056731,nan,0.171732,0.623535,0.974609,0.084934,0.704333,0.000000
22,619,1,unassigned,0.067265,1.859150,0.163907,0.200000,0.079519,nan,0.692099,0.854980,0.976562,0.099692,0.730428,0.000000
22,620,1,sink,0.070052,1.523877,0.113695,0.105000,0.082500,nan,0.155761,0.967773,0.976562,0.121580,0.543043,0.000000
22,621,1,sink,0.072120,2.360030,0.058444,0.037500,0.084808,nan,0.099492,0.972656,0.976562,0.074564,0.600415,0.000000
22,622,1,sink,0.069538,3.026963,0.165510,0.302500,0.082019,nan,0.179791,0.972656,0.976562,0.083960,0.708322,0.000000
22,623,0,reroute,0.140611,2.575650,0.385000,0.595000,0.155865,nan,1.067628,0.550781,0.971191,0.165302,1.543776,0.000000
22,624,0,unassigned,0.122453,3.548202,0.288294,0.667500,0.138077,nan,0.893726,0.598145,0.971191,0.140319,1.271740,0.000000
22,625,1,unassigned,0.101026,4.091274,0.117860,0.257500,0.115096,nan,0.695391,0.696289,0.972656,0.094504,0.674802,0.000000
22,626,0,reroute,0.135018,3.170139,0.355904,0.667500,0.150096,nan,0.645443,0.494873,0.979980,0.185574,1.285266,0.000000
22,627,1,unassigned,0.125641,4.318069,0.140152,0.402500,0.140288,nan,0.170786,0.811035,0.978027,0.181324,1.117592,0.000000
22,628,0,reroute,0.151504,3.505729,0.325473,0.705000,0.166442,nan,0.251790,0.822266,0.990723,0.222276,1.105990,0.000000
22,629,1,reroute,0.127853,3.611626,0.144340,0.195000,0.142115,nan,0.306966,0.796875,0.967285,0.157207,1.625776,0.000000
22,630,1,unassigned,0.129503,3.936331,0.161055,0.302500,0.144327,nan,1.501812,0.617188,0.985352,0.046238,0.514931,0.000000
22,631,1,sink,0.097764,3.845210,0.192645,0.525000,0.112596,nan,0.038285,0.983887,0.985840,0.129585,0.874676,0.000000
22,632,1,unassigned,0.149803,4.759954,0.134976,0.610000,0.164135,nan,0.472670,0.895996,0.979980,0.102109,0.562554,0.000000
22,633,0,unassigned,0.116766,3.455730,0.270395,0.625000,0.132212,nan,0.565412,0.691895,0.978027,0.163859,1.152540,0.000000
22,634,2,unassigned,0.113745,3.786286,0.183117,0.387500,0.128654,nan,1.416129,0.238403,0.961426,0.087105,0.837738,0.000000
22,635,0,grounding,0.165632,3.725387,0.295295,0.705000,0.179327,nan,1.552594,0.734375,0.981934,0.053272,0.419230,0.000000
22,636,1,unassigned,0.125271,4.159340,0.119961,0.140000,0.139904,nan,1.031170,0.550293,0.972656,0.055514,0.370196,0.000000
22,637,0,reroute,0.170185,3.486229,0.306112,0.652500,0.183462,nan,0.764378,0.455078,0.975098,0.203846,1.363767,0.000000
22,638,1,unassigned,0.136685,2.469492,0.206775,0.245000,0.151635,nan,0.678504,0.819824,0.991699,0.131040,1.063618,0.000000
22,639,1,unassigned,0.107553,4.148208,0.112498,0.167500,0.121635,nan,0.594402,0.625488,0.986328,0.071079,0.714447,0.000000
22,640,0,grounding,0.163151,3.250553,0.349325,0.705000,0.177115,nan,0.435883,0.775391,0.976562,0.183405,1.271827,0.000000
22,641,0,reroute,0.102181,2.330602,0.273792,0.447500,0.116731,nan,0.792646,0.628906,0.987793,0.205952,1.560315,0.000000
22,642,0,grounding,0.162440,3.329215,0.288524,0.545000,0.176154,nan,0.773701,0.406006,0.971680,0.046216,1.167533,0.000000
22,643,0,grounding,0.163367,3.555219,0.328043,0.757500,0.177115,nan,1.056731,0.082581,0.961426,0.088456,1.498812,0.000000
23,644,1,sink,0.098605,3.325967,0.210380,0.435000,0.113558,nan,0.061024,0.996094,0.996094,0.089705,0.957838,0.000000
23,645,2,unassigned,0.115929,3.678511,0.243556,0.545000,0.131442,nan,1.385532,0.299316,0.967773,0.108855,1.225184,0.000000
23,646,0,reroute,0.101480,3.515489,0.242566,0.495000,0.116538,nan,0.231471,0.846191,0.983398,0.198325,1.255212,0.000000
23,647,0,unassigned,0.116694,3.706589,0.244926,0.617500,0.132212,nan,1.088272,0.922363,0.990723,0.029124,0.381566,0.000000
23,648,0,grounding,0.129243,3.346386,0.312598,0.640000,0.144519,nan,0.123692,0.986816,0.988281,0.110650,0.689509,0.000000
23,649,0,unassigned,0.122602,3.097694,0.310801,0.615000,0.138365,nan,0.916773,0.839355,0.983887,0.070347,0.817171,0.000000
23,650,0,unassigned,0.116567,3.928912,0.170861,0.402500,0.131635,nan,0.343222,0.912109,0.983398,0.109171,0.653075,0.000000
23,651,0,grounding,0.157581,4.411049,0.191979,0.645000,0.171635,nan,0.487302,0.852051,0.981934,0.087079,0.483218,0.000000
23,652,1,unassigned,0.125888,4.046175,0.125659,0.127500,0.140769,nan,0.795467,0.561523,0.988770,0.077919,0.429777,0.000000
23,653,2,unassigned,0.070408,2.440004,0.068753,0.047500,0.082500,nan,0.355521,0.716797,0.972656,0.081277,0.980458,0.000000
23,654,0,grounding,0.155116,4.396043,0.165383,0.377500,0.169135,nan,0.049795,0.354736,0.961914,0.114432,0.700123,0.000000
23,655,2,unassigned,0.053079,2.161622,0.191552,0.272500,0.063942,nan,0.537686,0.498047,0.980469,0.092098,1.131770,0.000000
23,656,1,reroute,0.101020,2.564465,0.196662,0.265000,0.116346,nan,0.190491,0.904785,0.985352,0.110545,1.319303,0.000000
23,657,0,unassigned,0.135472,2.562750,0.231339,0.302500,0.150385,nan,0.466033,0.612305,0.977539,0.087481,0.630453,0.000000
23,658,0,unassigned,0.124811,3.365526,0.302851,0.655000,0.140385,nan,0.640028,0.429932,0.976562,0.098528,0.753662,0.000000
23,659,0,unassigned,0.108835,3.247332,0.244407,0.475000,0.124135,nan,0.289537,0.813965,0.988770,0.103241,0.768874,0.000000
23,660,1,unassigned,0.120136,4.606391,0.110647,0.352500,0.134712,nan,0.737890,0.662598,0.974121,0.044692,0.345511,0.000000
23,661,0,grounding,0.152492,3.586392,0.306975,0.710000,0.167308,nan,0.719092,0.752441,0.990723,0.024509,0.236260,0.000000
23,662,1,reroute,0.111465,3.472273,0.170317,0.322500,0.125865,nan,0.056002,0.919922,0.989258,0.110838,1.460395,0.000000
23,663,0,unassigned,0.117762,2.834825,0.222889,0.317500,0.132692,nan,0.220070,0.957520,0.973145,0.045696,0.379910,0.000000
23,664,2,unassigned,0.092839,3.720015,0.153860,0.282500,0.106827,nan,1.225170,0.231567,0.967285,0.056030,0.644941,0.000000
23,665,1,unassigned,0.107123,4.153592,0.080981,0.045000,0.121635,nan,0.428145,0.642578,0.975586,0.084376,0.529225,0.000000
23,666,1,sink,0.084381,4.185181,0.087370,0.132500,0.097500,nan,0.053213,0.994141,0.994141,0.119454,0.498621,0.000000
23,667,1,sink,0.050459,4.306268,0.048089,0.022500,0.060096,nan,0.073490,0.989746,0.991211,0.141593,0.723466,0.000000
23,668,1,unassigned,0.075558,4.303701,0.058597,0.025000,0.087692,nan,0.072983,0.912598,0.982910,0.151205,0.705782,0.000000
23,669,2,unassigned,0.060696,4.343808,0.056029,0.017500,0.071058,nan,0.620076,0.122070,0.968262,0.086660,0.305266,0.000000
23,670,1,unassigned,0.062059,3.074874,0.037084,0.015000,0.072788,nan,0.019324,0.967285,0.979492,0.097569,0.478618,0.000000
23,671,1,unassigned,0.039353,3.507955,0.030708,0.007500,0.046635,nan,0.128481,0.763184,0.982910,0.142604,0.648358,0.000000
24,672,0,unassigned,0.109079,4.828834,0.100318,0.492500,0.123846,nan,0.721675,0.522461,0.969238,0.093929,0.448534,0.000000
24,673,2,reroute,0.017968,2.810025,0.012149,0.000000,0.021731,nan,0.011871,0.962891,0.978027,0.109983,1.838255,0.000000
24,674,1,unassigned,0.083874,4.428562,0.076612,0.085000,0.096538,nan,0.070255,0.814941,0.979980,0.102207,0.604798,0.000000
24,675,2,reroute,0.019394,3.919083,0.024850,0.010000,0.023654,nan,0.065340,0.687012,0.979004,0.181590,1.222723,0.000000
24,676,1,unassigned,0.041373,4.096901,0.037617,0.002500,0.049423,nan,0.071358,0.947266,0.965820,0.095470,0.755230,0.000000
24,677,2,unassigned,0.020983,2.755307,0.013704,0.005000,0.025577,nan,0.237662,0.418213,0.973633,0.103208,0.749660,0.000000
24,678,1,sink,0.040222,4.029268,0.035747,0.012500,0.047885,nan,0.066795,0.992676,0.993164,0.104232,0.569709,0.000000
24,679,1,sink,0.089198,4.057858,0.083787,0.075000,0.102500,nan,0.147923,0.991211,0.992676,0.057786,0.318630,0.000000
24,680,0,unassigned,0.108026,4.343764,0.128869,0.377500,0.122788,nan,0.535891,0.805664,0.966309,0.111256,0.569043,0.000000
24,681,0,unassigned,0.110369,3.785640,0.206394,0.480000,0.125577,nan,0.509453,0.910645,0.981934,0.113071,0.668323,0.000000
24,682,1,sink,0.101617,4.148933,0.123369,0.290000,0.115865,nan,0.081709,0.975098,0.979980,0.165491,0.951913,0.000000
24,683,0,unassigned,0.110498,4.153706,0.179756,0.607500,0.125769,nan,0.038622,0.923340,0.991211,0.153876,0.806195,0.000000
24,684,1,unassigned,0.045705,4.353728,0.051654,0.067500,0.054808,nan,0.131693,0.871582,0.982910,0.101885,0.673013,0.000000
24,685,0,grounding,0.135852,3.496405,0.187049,0.267500,0.150673,nan,0.078579,0.979004,0.982422,0.101367,0.653347,0.000000
24,686,1,unassigned,0.085720,2.943077,0.089466,0.087500,0.099423,nan,0.134479,0.760254,0.985352,0.096752,0.756064,0.000000
24,687,0,unassigned,0.114677,3.662426,0.199089,0.480000,0.130192,nan,0.489712,0.935059,0.988281,0.083495,0.693207,0.000000
24,688,0,unassigned,0.122964,3.459160,0.172372,0.310000,0.137788,nan,0.581800,0.314941,0.971191,0.110474,0.800440,0.000000
24,689,0,unassigned,0.110051,3.515773,0.205198,0.437500,0.125385,nan,0.154914,0.903320,0.982910,0.115997,0.898434,0.000000
24,690,2,unassigned,0.084375,3.535128,0.100033,0.140000,0.097596,nan,1.109411,0.521973,0.972168,0.064943,0.716124,0.000000
24,691,0,unassigned,0.096314,3.128055,0.211047,0.417500,0.111154,nan,0.171634,0.972168,0.976562,0.105857,0.870739,0.000000
24,692,1,unassigned,0.084200,3.619453,0.124705,0.242500,0.097692,nan,0.398278,0.630859,0.982422,0.073998,0.677008,0.000000
24,693,0,reroute,0.101345,3.231226,0.214665,0.400000,0.116154,nan,0.781892,0.689941,0.983398,0.209701,1.232613,0.000000
24,694,0,unassigned,0.118943,4.319911,0.131262,0.270000,0.133750,nan,0.580827,0.804199,0.964844,0.117878,0.997051,0.000000
24,695,0,grounding,0.148932,4.154918,0.207935,0.665000,0.163365,nan,0.397137,0.714355,0.973145,0.077960,0.986701,0.000000
24,696,0,grounding,0.144515,4.157334,0.141647,0.242500,0.158846,nan,2.084629,0.397217,0.969238,0.192458,0.722181,0.000000
24,697,0,unassigned,0.113786,2.979957,0.196798,0.300000,0.128750,nan,0.153303,0.921387,0.990723,0.103462,0.841248,0.000000
24,698,0,unassigned,0.076702,3.366993,0.180574,0.425000,0.089615,nan,0.199587,0.830566,0.988770,0.135594,1.223725,0.000000
24,699,0,unassigned,0.112871,2.360728,0.256482,0.357500,0.127500,nan,0.949207,0.525879,0.970703,0.094056,1.001668,0.000000
25,700,1,unassigned,0.085892,4.238102,0.068726,0.052500,0.098654,nan,0.123983,0.887207,0.972656,0.131105,1.050433,0.000000
25,701,2,unassigned,0.050602,2.745632,0.021769,0.000000,0.058942,nan,0.482922,0.364746,0.970703,0.111723,0.885741,0.000000
25,702,1,unassigned,0.064405,4.017279,0.052629,0.005000,0.074519,nan,0.054417,0.885254,0.971191,0.117523,0.684663,0.000000
25,703,2,reroute,0.082567,3.718389,0.053162,0.010000,0.094808,nan,0.283772,0.357666,0.965820,0.132103,1.267878,0.000000
25,704,0,unassigned,0.099656,4.551521,0.091217,0.210000,0.113077,nan,0.983402,0.504883,0.984863,0.086051,0.314875,0.000000
25,705,2,unassigned,0.064923,3.675610,0.042862,0.002500,0.075577,nan,0.291291,0.597656,0.971680,0.104603,1.043790,0.000000
25,706,1,unassigned,0.084167,4.299060,0.063318,0.030000,0.096442,nan,0.371396,0.782715,0.976074,0.130147,0.589590,0.000000
25,707,0,reroute,0.086012,3.690164,0.153644,0.342500,0.100000,nan,0.187817,0.891602,0.975586,0.146381,1.118375,0.000000
25,708,0,reroute,0.090875,3.720567,0.131468,0.290000,0.104808,nan,0.596396,0.890625,0.976562,0.146533,1.391789,0.000000
25,709,0,sink,0.079055,3.560147,0.140998,0.277500,0.092308,nan,0.119340,0.962891,0.978027,0.122765,1.087670,0.000000
25,710,0,reroute,0.087182,3.563403,0.132658,0.250000,0.100962,nan,0.423036,0.825195,0.989258,0.134110,1.061523,0.000000
25,711,0,unassigned,0.091299,3.711220,0.155961,0.375000,0.105673,nan,0.645451,0.691406,0.972656,0.112696,0.921746,0.000000
25,712,0,unassigned,0.085934,3.387105,0.133702,0.227500,0.099615,nan,0.268835,0.828613,0.990234,0.128898,1.078071,0.000000
25,713,0,unassigned,0.081437,3.612151,0.145141,0.350000,0.094808,nan,0.369405,0.785156,0.972656,0.093550,0.908351,0.000000
25,714,1,unassigned,0.044922,4.350508,0.048191,0.032500,0.053558,nan,0.053087,0.867676,0.972168,0.117402,0.430632,0.000000
25,715,1,unassigned,0.038640,3.890116,0.040930,0.017500,0.046731,nan,0.356215,0.779785,0.975586,0.063400,0.566782,0.000000
25,716,1,unassigned,0.072723,4.326577,0.049771,0.005000,0.084712,nan,0.935601,0.612305,0.978516,0.109048,0.401129,0.000000
25,717,2,unassigned,0.030531,3.298697,0.023500,0.005000,0.036442,nan,0.231322,0.379639,0.972168,0.093449,1.101197,0.000000
25,718,2,unassigned,0.046839,4.056633,0.040528,0.010000,0.055385,nan,0.492902,0.139404,0.975098,0.122888,0.569892,0.000000
25,719,1,unassigned,0.072720,4.617865,0.071767,0.195000,0.085288,nan,0.129448,0.844238,0.985352,0.096764,0.335460,0.000000
25,720,2,unassigned,0.081531,4.778129,0.072972,0.190000,0.093846,nan,1.476717,0.573730,0.968262,0.113555,0.414479,0.000000
25,721,0,unassigned,0.095480,4.283526,0.108568,0.215000,0.109231,nan,0.369428,0.804199,0.962891,0.096760,0.663349,0.000000
25,722,0,unassigned,0.101491,4.306767,0.115194,0.270000,0.115481,nan,0.274441,0.867676,0.970215,0.078570,0.688298,0.000000
25,723,0,unassigned,0.083104,3.774943,0.154018,0.430000,0.096538,nan,0.186986,0.921875,0.991211,0.119139,1.187708,0.000000
25,724,0,grounding,0.133790,4.231768,0.177117,0.552500,0.148654,nan,0.354805,0.619629,0.987305,0.113122,0.758087,0.000000
25,725,0,unassigned,0.074157,2.709956,0.232745,0.472500,0.087308,nan,0.388490,0.903809,0.983887,0.075346,0.901486,0.000000
25,726,0,unassigned,0.083084,3.720438,0.167642,0.475000,0.096442,nan,0.147929,0.934082,0.995605,0.102583,0.591926,0.000000
25,727,1,unassigned,0.099403,4.276683,0.101544,0.147500,0.113365,nan,0.406623,0.839355,0.983887,0.080064,0.624349,0.000000
26,728,0,unassigned,0.075754,3.552726,0.151906,0.362500,0.088942,nan,0.314728,0.858887,0.975586,0.152155,1.077090,0.000000
26,729,0,reroute,0.075773,3.575232,0.160199,0.370000,0.088750,nan,0.237407,0.851562,0.979980,0.235416,1.496837,0.000000
26,730,1,unassigned,0.074132,3.665719,0.131733,0.290000,0.086923,nan,0.212779,0.803223,0.968750,0.141356,1.083581,0.000000
26,731,0,unassigned,0.084398,3.631223,0.145164,0.335000,0.098269,nan,0.254900,0.860840,0.975098,0.141664,0.963036,0.000000
26,732,1,unassigned,0.073537,3.610239,0.138676,0.322500,0.086635,nan,0.326668,0.895508,0.979492,0.123504,1.114138,0.000000
26,733,0,unassigned,0.085561,3.657413,0.154622,0.345000,0.099519,nan,0.398427,0.845215,0.983887,0.180028,1.397610,0.000000
26,734,1,unassigned,0.080319,3.484157,0.157165,0.317500,0.093846,nan,0.255329,0.905273,0.982910,0.110636,0.963856,0.000000
26,735,1,unassigned,0.068495,3.655160,0.084712,0.150000,0.080769,nan,0.166805,0.880859,0.980957,0.101256,0.822840,0.000000
26,736,2,reroute,0.022082,3.052964,0.018609,0.012500,0.026827,nan,0.234826,0.051544,0.958008,0.111323,3.456018,0.000000
26,737,1,unassigned,0.069271,3.664175,0.139148,0.340000,0.081731,nan,0.170975,0.830566,0.988770,0.083531,0.841278,0.000000
26,738,1,unassigned,0.076862,4.111513,0.080913,0.132500,0.089519,nan,0.155294,0.839355,0.984863,0.117580,0.508634,0.000000
26,739,1,unassigned,0.036677,3.620226,0.038200,0.012500,0.043942,nan,0.059791,0.967285,0.978027,0.144430,1.744741,0.000000
26,740,1,unassigned,0.054493,3.883169,0.046385,0.015000,0.064808,nan,0.086945,0.940918,0.965820,0.064995,0.446857,0.000000
26,741,0,unassigned,0.092098,3.748076,0.156118,0.370000,0.106250,nan,0.340074,0.805176,0.966797,0.090035,0.690791,0.000000
26,742,0,unassigned,0.072221,3.275389,0.171096,0.392500,0.085000,nan,0.493773,0.814453,0.986816,0.131228,1.130787,0.000000
26,743,0,grounding,0.091569,2.698917,0.237725,0.462500,0.106058,nan,0.616649,0.850098,0.982422,0.135175,1.170860,0.000000
26,744,2,unassigned,0.064402,3.344588,0.137122,0.287500,0.076346,nan,0.551977,0.735840,0.981445,0.140761,1.292366,0.000000
26,745,0,reroute,0.083349,3.493162,0.161220,0.345000,0.096635,nan,0.145308,0.892578,0.976562,0.229479,1.190525,0.000000
26,746,0,unassigned,0.074021,3.599005,0.151954,0.400000,0.086923,nan,0.111416,0.889648,0.975098,0.157543,1.211350,0.000000
26,747,1,unassigned,0.068193,3.648747,0.126585,0.282500,0.080673,nan,0.281239,0.883789,0.976562,0.144118,1.355909,0.000000
26,748,1,unassigned,0.066865,4.121401,0.059053,0.027500,0.078558,nan,0.307050,0.859863,0.974609,0.105972,0.531553,0.000000
26,749,0,grounding,0.114025,4.071362,0.149208,0.330000,0.128462,nan,0.968619,0.559570,0.979980,0.116771,0.513887,0.000000
26,750,2,unassigned,0.096434,3.988231,0.103423,0.157500,0.109808,nan,0.466216,0.140137,0.962402,0.095183,0.820783,0.000000
26,751,2,unassigned,0.085267,3.086085,0.057804,0.025000,0.097500,nan,0.208322,0.552734,0.973145,0.142892,1.017475,0.000000
26,752,2,reroute,0.096117,3.291838,0.068774,0.035000,0.109038,nan,0.354416,0.376953,0.969727,0.194875,1.646989,0.000000
26,753,0,unassigned,0.108144,3.771083,0.092865,0.067500,0.121635,nan,0.367653,0.572754,0.973633,0.179369,1.344650,0.000000
26,754,1,unassigned,0.098627,4.264752,0.087226,0.122500,0.111635,nan,0.211414,0.443115,0.977539,0.111438,0.645477,0.000000
26,755,0,grounding,0.179238,4.367273,0.192133,0.557500,0.191731,nan,0.123259,0.890625,0.976562,0.158869,0.596108,0.000000
27,756,1,unassigned,0.069900,4.023075,0.098894,0.205000,0.082019,nan,0.947392,0.692871,0.970703,0.081156,0.535709,0.000000
27,757,0,unassigned,0.078225,3.024075,0.209944,0.415000,0.091731,nan,0.567904,0.750000,0.990723,0.160959,0.984310,0.000000
27,758,0,unassigned,0.092408,2.746338,0.204068,0.362500,0.107115,nan,0.746452,0.859863,0.975586,0.151709,0.847030,0.000000
27,759,1,unassigned,0.062255,3.011905,0.119104,0.187500,0.073750,nan,0.600782,0.784668,0.974609,0.123322,0.839097,0.000000
27,760,0,unassigned,0.077557,3.448886,0.165954,0.387500,0.090673,nan,0.518597,0.757324,0.987305,0.181944,1.168543,0.000000
27,761,0,unassigned,0.082642,2.894640,0.226976,0.422500,0.096346,nan,1.143219,0.711426,0.974121,0.124629,0.960790,0.000000
27,762,0,unassigned,0.075841,3.112640,0.195475,0.425000,0.088942,nan,0.524116,0.727051,0.976074,0.136767,1.124852,0.000000
27,763,2,unassigned,0.026399,3.413274,0.028387,0.007500,0.029135,nan,2.050646,0.015549,0.021973,0.117112,3.927329,0.000000
27,764,2,unassigned,0.030840,3.916195,0.034148,0.012500,0.037019,nan,2.510670,0.089722,0.886719,0.106018,0.527148,0.000000
27,765,0,grounding,0.119039,3.916288,0.204503,0.280000,0.133269,nan,2.354924,0.148071,0.933105,0.090870,0.489232,0.000000
27,766,2,unassigned,0.019040,0.029232,0.000181,0.005000,0.020192,nan,0.130040,0.036102,-1.683594,0.062500,4.518527,0.000000
27,767,2,unassigned,0.027114,2.199361,0.021685,0.007500,0.030096,nan,1.621903,0.001066,1.000000,0.075321,2.118015,0.000000
27,768,2,reroute,0.019737,1.327963,0.012808,0.005000,0.021538,nan,1.242171,0.000547,-0.181641,0.082689,6.378682,0.000000
27,769,2,unassigned,0.020678,0.695105,0.008741,0.005000,0.022404,nan,0.301230,0.076355,-0.817383,0.025000,3.059149,0.000000
27,770,1,unassigned,0.068830,3.069202,0.162693,0.315000,0.081346,nan,0.614465,0.746094,0.989258,0.100228,0.921309,0.000000
27,771,0,grounding,0.100738,3.145128,0.221170,0.462500,0.115481,nan,0.678472,0.752930,0.992188,0.136916,0.867931,0.000000
27,772,0,unassigned,0.087094,2.719862,0.172327,0.270000,0.100865,nan,0.794123,0.659668,0.972168,0.144027,0.879732,0.000000
27,773,0,unassigned,0.074912,3.063652,0.176851,0.307500,0.087692,nan,0.531995,0.768066,0.980469,0.129000,0.878917,0.000000
27,774,1,unassigned,0.064779,3.083351,0.147689,0.260000,0.076827,nan,0.558278,0.758789,0.987305,0.120988,1.002229,0.000000
27,775,0,unassigned,0.080490,2.724453,0.161264,0.227500,0.093750,nan,0.889878,0.746094,0.988770,0.105203,0.638250,0.000000
27,776,0,unassigned,0.086053,3.176887,0.206733,0.427500,0.100096,nan,0.718143,0.762207,0.984863,0.148680,0.792068,0.000000
27,777,1,unassigned,0.070507,3.176940,0.150872,0.287500,0.083077,nan,0.925673,0.724121,0.974121,0.136831,0.944508,0.000000
27,778,0,unassigned,0.080276,3.153758,0.166371,0.320000,0.093558,nan,0.537569,0.787109,0.972656,0.102427,0.986087,0.000000
27,779,0,unassigned,0.075576,2.933004,0.160666,0.275000,0.088462,nan,0.444947,0.840820,0.984375,0.122625,0.960373,0.000000
27,780,0,reroute,0.074774,3.216145,0.178380,0.352500,0.087692,nan,0.425705,0.756348,0.987793,0.214340,1.058886,0.000000
27,781,1,unassigned,0.081124,4.374647,0.088777,0.165000,0.094327,nan,0.651460,0.697754,0.967773,0.080362,0.478923,0.000000
27,782,1,unassigned,0.072228,4.264465,0.074687,0.075000,0.084615,nan,0.663231,0.774902,0.976074,0.122224,0.592388,0.000000
27,783,1,unassigned,0.070225,3.165833,0.154405,0.287500,0.082692,nan,0.567453,0.706055,0.970703,0.109065,0.933118,0.000000
